chr.names	query.population	reference.population	relative.distances.ks.p.value	relative.distances.ecdf.deviation.area	relative.distances.ecdf.area.correlation	relative.distances.ecdf.deviation.area.p.value	scaled.absolute.min.distance.sum.p.value	scaled.absolute.min.distance.sum.lower.tail	jaccard.measure.p.value	jaccard.measure.lower.tail	projection.test.p.value	projection.test.lower.tail	projection.test.obs.to.exp	lnc
chr15	1	1	0.31199687259259196	0.184144856651121	-0.6880031274074079	0.295	0.154	False	0.0	False	6.882947506392509e-06	False	0.0	ENSG00000227627
chr1	178	1	0.0233197537009717	0.027609305995791	-0.10475038384044999	0.013999999999999999	0.005	False	0.0	False	0.000280949683512666	False	0.0	ENSG00000246273
awhole	22	6	0.0689030389811175	0.0591317042678609	0.23063809616913897	0.0610000000000001	0.027000000000000003	True	0.0	False	9.019534699938879e-05	False	0.0	ENSG00000258325
awhole	6	3	0.7080746126274109	0.0383214093544314	0.0946198672978635	0.865	0.221	True	0.00800000000000001	False	0.00460981085306655	False	0.0	ENSG00000255198
awhole	2	2	0.9635769348821221	0.0648103010146913	0.0786311754107221	0.972	0.426	True	0.001	False	0.000462074026592374	False	0.0	ENSG00000273084
awhole	1748	15	2.5901503164504897e-13	0.0166566129139859	0.0529553824635105	0.0	0.001	True	0.00700000000000001	False	0.00995636683048118	False	0.0	ENSG00000251136
awhole	4	13	0.21453445872860802	0.0968989259281914	-0.38303159696181893	0.242	0.184	False	0.005	False	0.0064910614458511	False	0.0	ENSG00000267278
awhole	14	2	0.162584184447702	0.0603763369319064	0.0392353144686752	0.16	0.39799999999999996	True	0.0	False	0.000114425056321754	False	0.0	ENSG00000236859
chr1	25	1	0.497836426998142	0.028373998796195	0.063516662847926	0.484	0.28800000000000003	True	0.003	False	0.000352110542765516	False	0.0	ENSG00000255036
awhole	6	2	0.367941161018534	0.0541659809291208	-0.19050470459845104	0.573	0.23	False	0.001	False	8.31236776455135e-05	False	0.0	ENSG00000177337
chr14	2	1	0.619142197234276	0.0891900607930717	-0.139339181025083	0.66	0.366	False	0.0	False	1.9991731830204502e-05	False	0.0	ENSG00000261888
chr12	5	1	0.9873917024440529	0.0323116097563173	-0.0303075748261818	0.986	0.45799999999999996	False	0.0	False	4.989571831393039e-05	False	0.0	ENSG00000224959
chr2	2	1	0.163951460185137	0.15799566853481	-0.61454185673144	0.16	0.078	False	0.0	False	1.90756450668683e-06	False	0.0	ENSG00000259642
awhole	19	20	0.00625336610178895	0.0747494880252674	-0.298727011328149	0.024	0.003	False	0.0	False	9.90953508677173e-05	False	0.0	ENSG00000225092
awhole	61	16	0.43321170908230106	0.0206753116474923	0.0320378956332603	0.375	0.10800000000000001	True	0.001	False	0.00136859780883936	False	0.0	ENSG00000246985
chr2	1	1	0.478066042796709	0.15902751454646802	0.5219339572032909	0.469	0.261	True	0.0	False	4.84777609397469e-05	False	0.0	ENSG00000278376
chr6	2	1	0.0302984136334881	0.215404599916507	-0.859542867641653	0.027000000000000003	0.0070000000000000106	False	0.0	False	3.22000187394922e-05	False	0.0	ENSG00000260063
chr16	1	1	0.7267678193573279	0.134230261635838	-0.273232180642672	0.71	0.37799999999999995	False	0.0	False	1.36597587657716e-05	False	0.0	ENSG00000203999
awhole	2	3	0.3943580921219721	0.108500896091366	0.34118227347836405	0.413	0.37	True	0.0	False	3.5574925066894598e-06	False	0.0	ENSG00000231125
chr5	1	1	0.507751294453033	0.15488116782873598	-0.49224870554696704	0.531	0.249	False	0.0	False	1.1788148744917801e-06	False	0.0	ENSG00000272933
chr19	1	1	0.8571109749669791	0.127252292289483	0.142889025033021	0.852	0.423	True	0.0	False	0.000137245431475752	False	0.0	ENSG00000248429
chr3	14	1	0.920975788250177	0.0300032360170802	-0.0868802693227666	0.7120000000000001	0.302	False	0.0	False	2.2309900421291197e-05	False	0.0	ENSG00000250075
awhole	2	43	0.9355213445097909	0.06690555310020599	-0.0859931934272269	0.9490000000000001	0.45299999999999996	True	0.0	False	0.000346180028273357	False	0.0	ENSG00000280119
awhole	86	9	0.0021043897377595	0.0457354752901934	0.132248978746726	0.005	0.043	True	0.00700000000000001	False	0.00569311015428475	False	0.0	ENSG00000236671
chr6	1	1	0.370505308833481	0.17479962071295602	-0.6294946911665191	0.344	0.18	False	0.0	False	2.42380274051435e-06	False	0.0	ENSG00000279039
chr9	4	1	0.6278010269190629	0.0636972600719501	0.21984262592913895	0.6459999999999999	0.223	True	0.0	False	2.1908170745321698e-05	False	0.0	ENSG00000174365
awhole	5	44	0.174595407949718	0.096961531341993	-0.38503004311409705	0.168	0.024	False	0.001	False	0.0008592387670831589	False	0.0	ENSG00000261526
awhole	4	20	0.422733514208464	0.0913854231190997	-0.35177464326871805	0.324	0.0620000000000001	False	0.0	False	0.00017593741828159098	False	0.0	ENSG00000234614
chr9	110	1	0.0	0.0876448202017075	-0.34744919503091903	0.0	0.0	False	0.0	False	0.000277356861011602	False	0.0	ENSG00000236404
chr17	2	1	0.248688948417458	0.147647329045964	-0.578866878697365	0.191	0.09699999999999999	False	0.0	False	6.29372184901555e-06	False	0.0	ENSG00000276216
chr5	1	1	0.725644229076803	0.134230261635838	-0.274355770923197	0.7240000000000001	0.38299999999999995	False	0.0	False	6.01526094845539e-06	False	0.0	ENSG00000264608
chr15	18	1	0.165023509912546	0.0539460168734089	-0.20959878973249105	0.13699999999999998	0.0570000000000001	False	0.0	False	0.000319567609505911	False	0.0	ENSG00000232104
chr2	9	1	0.392081731485117	0.0556039945284806	-0.186392428804781	0.361	0.159	False	0.0	False	2.23331578395047e-05	False	0.0	ENSG00000279041
awhole	7	12	0.41638497404020897	0.0655827425833145	-0.0723242104538033	0.35	0.255	True	0.001	False	0.00127256727773473	False	0.0	ENSG00000275437
awhole	9	4	0.571212493367052	0.0466642416547661	-0.0385983925120306	0.494	0.43700000000000006	False	0.0	False	0.00010690662567503001	False	0.0	ENSG00000280388
awhole	162	32	0.183419763647963	0.0199692843707098	0.0775016817764116	0.092	0.086	True	0.01	False	0.00625293922258252	False	0.0	ENSG00000236535
chr2	2	1	0.0315569574485413	0.195479013243246	0.7522637402917559	0.0580000000000001	0.031	True	0.0	False	2.13878432331338e-06	False	0.0	ENSG00000272447
awhole	120	2	2.78410627885251e-12	0.0870925072657775	-0.328974868626152	0.0	0.0	False	0.0	False	0.00142928393982666	False	0.0	ENSG00000227486
chr4	31	1	0.867896513686121	0.0149833897106898	0.0281633695510399	0.91	0.389	True	0.0	False	0.000319542319702437	False	0.0	ENSG00000247092
chr9	2	1	0.9073181595965959	0.0684209541479157	0.0951696515987672	0.919	0.41200000000000003	True	0.0	False	7.87600767870877e-06	False	0.0	ENSG00000245556
awhole	41	2	0.22102636913326898	0.027303058116972	0.0776503202196623	0.325	0.192	True	0.0	False	0.000684739158724801	False	0.0	ENSG00000272888
awhole	746	937	0.0140618230671827	0.0173012033079961	0.0693428083704524	0.0	0.0	True	0.021	False	7.257399536397809e-05	False	2.85532303392213	ENSG00000227398
awhole	5	4	0.479708984619238	0.0596366716035186	0.120414863008406	0.5760000000000001	0.342	True	0.0	False	0.000434486598113626	False	0.0	ENSG00000269834
chr7	1	1	0.17762868723391	0.209224067672913	-0.82237131276609	0.174	0.085	False	0.0	False	1.33671404423108e-06	False	0.0	ENSG00000249378
chr2	24	1	0.44248771357524297	0.0314848956767053	0.0701308707687782	0.413	0.27	True	0.0	False	0.00031596389952348597	False	0.0	ENSG00000258526
chr5	5	1	0.0232367243899748	0.139789109879998	0.528865676738698	0.024	0.012	True	0.0	False	1.7847350126665196e-05	False	0.0	ENSG00000260686
chr6	1	1	0.519778725076129	0.153229800579222	0.480221274923871	0.519	0.257	True	0.0	False	1.22361056220655e-06	False	0.0	ENSG00000278475
awhole	42	2	0.410128697464002	0.0216467799689443	-0.0668797351193329	0.495	0.231	False	0.00700000000000001	False	0.0109366654092682	False	0.0	ENSG00000281207
chr5	1	1	0.00841633057635516	0.248620616929637	0.991583669423645	0.008000000000000009	0.006	True	0.0	False	1.17330639382018e-06	False	0.0	ENSG00000162913
awhole	2	4	0.7043650278356149	0.0813871690477301	0.16662334627022	0.7659999999999999	0.33799999999999997	True	0.0	False	9.85968855282682e-06	False	0.0	ENSG00000280650
chr13	4	1	0.990784982138126	0.0363992027161098	0.0628993990153992	0.987	0.41	True	0.0	False	7.65970909899494e-06	False	0.0	ENSG00000240291
chr11	4	1	0.131825501188546	0.103569939829289	0.392163929452614	0.222	0.079	True	0.0	False	1.41834163946974e-05	False	0.0	ENSG00000266256
awhole	7	9	0.540034456211957	0.0501982218694381	0.144861605300386	0.542	0.179	True	0.0	False	0.000428037057123576	False	0.0	ENSG00000232533
awhole	3	3	0.318117598486216	0.0912241453673634	-0.33577567827941	0.441	0.175	False	0.0	False	7.211987445465699e-06	False	0.0	ENSG00000204044
awhole	52	24	0.020582278209336998	0.0511782766146542	0.20306730037792198	0.01	0.028999999999999998	True	0.005	False	0.00739444020966817	False	0.0	ENSG00000229563
awhole	22	14	0.9566138847157649	0.0167161562912656	-0.0419370745312029	0.948	0.214	False	0.0	False	0.000336828430764102	False	0.0	ENSG00000259865
chr2	3	1	0.6011471288345649	0.0700904364336056	0.0828243667346977	0.6729999999999999	0.42100000000000004	True	0.001	False	0.000290491602565002	False	0.0	ENSG00000265148
chr17	1	20	0.60378169552168	0.14485321882289498	0.39621830447832	0.593	0.35700000000000004	True	0.001	False	0.0005104288516386559	False	0.0	ENSG00000268119
awhole	48	6	0.66999405333133	0.0157882641781726	0.0267296829275361	0.7609999999999999	0.1	True	0.003	False	0.00398357109302161	False	0.0	ENSG00000204054
chr1	1	1	0.46956579412922295	0.16056233199640196	0.530434205870777	0.483	0.218	True	0.0	False	9.037726289573559e-07	False	0.0	ENSG00000270006
awhole	5	11	0.7598825430678778	0.0570271031025779	0.0376506048058469	0.595	0.434	False	0.0	False	4.21082732512401e-05	False	0.0	ENSG00000227115
chr9	1	1	0.839323787193408	0.127915314424191	-0.160676212806592	0.841	0.392	False	0.0	False	6.5681697951625e-06	False	0.0	ENSG00000268201
awhole	18	14	0.746570214129704	0.0241532859174644	-0.0676084482531945	0.794	0.391	False	0.005	False	0.0020961419763725303	False	0.0	ENSG00000249685
awhole	63	49	0.0190776484324706	0.0483738363809009	0.19268814466661602	0.00900000000000001	0.024	True	0.032	False	0.0209477839033275	False	0.0	ENSG00000262185
awhole	8	6	0.221774113110933	0.0738498971110073	0.264447026380781	0.205	0.094	True	0.0	False	3.72062497173697e-05	False	0.0	ENSG00000248724
awhole	286	2	0.40329208213881795	0.007382153225482059	0.006704923335465679	0.634	0.43700000000000006	True	0.001	False	0.0010408030571946699	False	0.0	ENSG00000203875
awhole	14	2	0.21766347857095103	0.0418529393198452	0.16367894967039198	0.424	0.154	True	0.0	False	0.00017882878493191698	False	0.0	ENSG00000226674
chr11	1	1	0.36153126991361206	0.17554231831958897	-0.6384687300863879	0.361	0.179	False	0.0	False	1.9617042463782e-06	False	0.0	ENSG00000281103
awhole	85	9	0.051401953417568	0.029323659963020002	0.09828539861164698	0.071	0.295	True	0.017	False	0.00985093682543381	False	0.0	ENSG00000237356
chr1	1	1	0.76347997160724	0.132057450144806	0.23652002839276	0.738	0.37	True	0.0	False	9.037726289573559e-07	False	0.0	ENSG00000271918
awhole	129	8	0.00231708888891247	0.0353134531130388	0.13862510777241902	0.008000000000000009	0.003	True	0.005	False	0.00196002406549745	False	0.0	ENSG00000196696
chrX	75	1	0.0	0.15018170006077	0.600256113886042	0.0	0.0	True	0.003	False	0.00548558179718417	False	0.0	ENSG00000235834
chr5	5	1	0.52221661546925	0.0596239665683755	0.20856585057368	0.5920000000000001	0.21100000000000002	True	0.0	False	7.7118492216588e-06	False	0.0	ENSG00000238287
chr3	1	1	0.121088854037321	0.221309023007661	0.878911145962679	0.124	0.061	True	0.0	False	3.80744785111187e-06	False	0.0	ENSG00000282381
awhole	2	180	0.810065092221825	0.0772593087250688	-0.0735783160573324	0.8109999999999999	0.483	False	0.008000000000000009	False	0.0112260837569371	False	0.0	ENSG00000232233
awhole	12885	46	0.0	0.0262995994872121	0.10481421072413699	0.0	0.0	True	0.41100000000000003	False	0.425334456430637	False	0.954978166517807	ENSG00000261553
chr1	34	1	0.5679152039879239	0.0169527373068066	-0.0162736302689388	0.815	0.41600000000000004	False	0.002	False	0.00044430323270106	False	0.0	ENSG00000230630
awhole	5	180	0.301611199549178	0.0831872809199187	-0.327839218791764	0.258	0.083	False	0.0	False	0.00267607899447775	False	0.0	ENSG00000231473
chr7	2	1	0.0276296312415021	0.214111594218291	-0.85456753274838	0.018000000000000002	0.015	False	0.0	False	7.81944809014057e-06	False	0.0	ENSG00000276649
chr12	1	29	0.823636327907813	0.12863722128301802	-0.176363672092187	0.8320000000000001	0.433	False	0.0060000000000000105	False	0.00611817002052495	False	0.0	ENSG00000257167
awhole	14	17	0.21413276868434802	0.0588406135889883	0.21709188445992303	0.14400000000000002	0.0	True	0.0	False	0.000612294789930634	False	0.0	ENSG00000226383
awhole	8	6	0.0600878802461662	0.0819933946763649	-0.16168278010093803	0.138	0.172	False	0.0	False	0.00022739049208164703	False	0.0	ENSG00000206344
awhole	839	3157	0.000442804677923014	0.0155618796252082	0.0617772256178921	0.001	0.0	True	0.013000000000000001	False	2.9847302660313e-05	False	2.11713787354314	ENSG00000276107
chr7	2	1	0.33705985536025607	0.129460422569948	0.503849670553017	0.26899999999999996	0.114	True	0.0	False	2.67342630166922e-06	False	0.0	ENSG00000253738
awhole	36	274	0.6644753825945671	0.024789204347086004	0.0943287060645628	0.45399999999999996	0.10300000000000001	True	0.01	False	0.00604142411483455	False	8.65060795663422	ENSG00000261051
awhole	8	21	0.557624389228807	0.051193945137847995	-0.128092436801482	0.478	0.14400000000000002	False	0.00600000000000001	False	0.00896616977526521	False	0.0	ENSG00000273002
awhole	23	7	0.918172383808223	0.0229239113013624	0.00450191096496821	0.7509999999999999	0.40700000000000003	True	0.0	False	0.000195598446620426	False	0.0	ENSG00000271204
awhole	10143	1561	4.50302549370729e-06	0.007585439689356771	0.0301316236879532	0.0	0.0	True	0.00600000000000001	False	1.8888367459002398e-07	False	1.74936613791711	ENSG00000258399
awhole	3	124	0.00261738140384715	0.211538918696769	-0.846019140220311	0.001	0.054000000000000006	False	0.0	False	0.00139656084216455	False	0.0	ENSG00000237927
chrX	1	2	0.676949858502042	0.13855538033801998	0.323050141497958	0.674	0.301	True	0.0	False	5.82860025251097e-05	False	0.0	ENSG00000198468
chr19	27	1	0.385192363777295	0.0268835367094291	-0.0185018783431929	0.513	0.435	False	0.001	False	0.0010050301822490699	False	0.0	ENSG00000224186
awhole	2	2	0.0416021586267541	0.190382859095676	0.7232776695095859	0.052000000000000005	0.037000000000000005	True	0.0	False	3.19020560390904e-06	False	0.0	ENSG00000256628
awhole	20	13	0.571149567906463	0.0407759578040132	0.0879060592140022	0.27399999999999997	0.499	True	0.001	False	0.00143797303694293	False	0.0	ENSG00000276170
awhole	9	11	0.5100086335442721	0.0351518369903585	0.0049497591154406	0.7809999999999999	0.363	False	0.0	False	0.00044954968794907996	False	0.0	ENSG00000278784
awhole	6	3	0.56410211849353	0.0475973880193416	-0.142747633690338	0.6990000000000001	0.278	False	0.001	False	7.993869477029849e-06	False	0.0	ENSG00000234350
chr2	5	1	0.317749380899802	0.0585605486688575	0.212179167677102	0.584	0.231	True	0.0	False	1.47401913077605e-05	False	0.0	ENSG00000228549
awhole	53	22	0.11925119339375699	0.0295969197580841	-0.116991298521456	0.18899999999999997	0.16699999999999998	False	0.001	False	0.000763933466668698	False	0.0	ENSG00000267745
awhole	12	21	0.538370845904345	0.0384532423715257	0.109065917743396	0.56	0.382	False	0.004	False	0.00145298504321034	False	0.0	ENSG00000274712
chr20	2	1	0.0143154777334167	0.21236233114609698	-0.837261330416452	0.026000000000000002	0.017	False	0.0	False	0.000107718252451594	False	0.0	ENSG00000279759
awhole	18	56	0.606205971471149	0.0272479310521104	-0.102599036509311	0.683	0.49	False	0.0	False	0.00023941466171883998	False	0.0	ENSG00000280227
awhole	82	8	0.389303866343522	0.0219659794005148	-0.0472464704369233	0.23600000000000002	0.078	False	0.012	False	0.00803673495311674	False	0.0	ENSG00000250303
awhole	7	3	0.10808009862483699	0.124804919550885	-0.4977873019375129	0.03	0.013000000000000001	False	0.0	False	1.92462772152791e-05	False	0.0	ENSG00000262155
awhole	26	13	0.48310334905476504	0.0325667166496266	0.12777251069560197	0.35	0.29600000000000004	True	0.00700000000000001	False	0.00503209938066829	False	0.0	ENSG00000245534
awhole	15	11	0.0718182645227115	0.07999173496214901	0.319643319261445	0.034	0.08900000000000001	True	0.002	False	0.000157850818298444	False	0.0	ENSG00000177788
chr17	1	3	0.9923447322527471	0.12500317424438	0.00765526774725256	0.9840000000000001	0.483	False	0.0	False	0.000350022768535463	False	0.0	ENSG00000267751
chr2	4	1	0.9672312435639979	0.0383425612874511	-0.104870584713269	0.9790000000000001	0.36700000000000005	False	0.0	False	1.74900305325298e-05	False	0.0	ENSG00000254676
awhole	3	2	0.746736561378108	0.0617068216549271	0.0639293242962307	0.81	0.428	True	0.0	False	7.257768660506869e-06	False	0.0	ENSG00000248015
awhole	23	5	0.20301302198680699	0.0529662711444602	0.204292174642988	0.083	0.018000000000000002	True	0.002	False	0.00221150498390199	False	0.0	ENSG00000281404
awhole	13445	3295	5.44699071513e-05	0.0061774798285961	0.024276517451967	0.0	0.0	True	0.0	False	0.0	False	1.64141204245505	ENSG00000282057
awhole	2	2	0.780504580808596	0.0773385663675228	-0.124226528938784	0.787	0.386	False	0.0	False	3.33532225971211e-06	False	0.0	ENSG00000279434
chr2	1	2	0.27731385407657394	0.19129124999331895	0.7226861459234258	0.273	0.184	True	0.0	False	0.00010254609238546899	False	0.0	ENSG00000272669
awhole	2	2	0.448135233986803	0.106381797660425	-0.38341931647711897	0.48200000000000004	0.193	False	0.0	False	5.86222987815077e-05	False	0.0	ENSG00000274370
chr12	1	1	0.8018809245454459	0.13014534448074802	0.198119075454554	0.792	0.387	True	0.0	False	1.4458792213289902e-05	False	0.0	ENSG00000261379
awhole	9	47	0.5390131213854129	0.0374125073045431	-0.141397031434289	0.75	0.353	False	0.0	False	7.16009592727218e-06	False	248.883957971344	ENSG00000282851
awhole	6	12	0.6800749347316921	0.0509582712072026	-0.0981737371278217	0.654	0.439	False	0.001	False	0.00138515916004311	False	0.0	ENSG00000237807
chr9	12	1	0.0161715073789691	0.0950984542825591	0.37465842355817697	0.027000000000000003	0.01	True	0.001	False	2.8093196199563398e-05	False	0.0	ENSG00000219665
chr1	1	1	0.9285775002020229	0.125550963789089	0.0714224997979767	0.9129999999999999	0.491	True	0.0	False	5.09326085995632e-06	False	0.0	ENSG00000253476
chr1	6	1	0.17602813532183603	0.0868754808881636	-0.25332485832935603	0.177	0.158	False	0.0	False	1.64123987040909e-05	False	0.0	ENSG00000227496
awhole	28	98	0.6292324121621329	0.0235707766863887	0.02157870273486	0.639	0.08199999999999999	True	0.001	False	0.00436809762115442	False	0.0	ENSG00000279191
chr20	3	1	0.6930722580037769	0.0656795269926181	0.0517532693584717	0.736	0.43799999999999994	True	0.0	False	0.000547397273011896	False	0.0	ENSG00000267002
awhole	8	27	0.898753947999746	0.0429990232584628	0.13754829145477498	0.644	0.295	True	0.001	False	0.0016027522183738	False	0.0	ENSG00000231154
awhole	66	5	0.529476256906115	0.0167294788599118	0.0616851862962822	0.544	0.19899999999999998	True	0.0	False	0.000561396767271405	False	0.0	ENSG00000179406
awhole	8	5	0.549503516327193	0.0634451594117435	0.251901569745018	0.294	0.213	True	0.001	False	0.000621101739240126	False	0.0	ENSG00000270194
chr1	1	1	0.831820172929703	0.12863722128301802	-0.168179827070297	0.8220000000000001	0.385	False	0.0	False	7.01327560048703e-06	False	0.0	ENSG00000275632
chr2	3	1	0.704278957038134	0.0810621822712878	0.15054677616923498	0.511	0.326	True	0.0	False	1.04172528865298e-05	False	0.0	ENSG00000279555
awhole	110	2366	0.5532270937656071	0.0120382851677093	-0.0456264945144842	0.5770000000000001	0.127	True	0.0	False	2.04697931625031e-05	False	9.16817633944011	ENSG00000215039
awhole	11	2	0.00090118705854525	0.112910955203497	-0.385036283074626	0.013000000000000001	0.018000000000000002	False	0.00800000000000001	False	0.0023235789775411	False	0.0	ENSG00000279050
awhole	26	23	0.6607545964189471	0.0189390241458281	0.0356928403256349	0.856	0.456	True	0.011	False	0.0074460898898445205	False	0.0	ENSG00000163364
awhole	13	2	0.325165741234646	0.0448164646912842	0.172823617764629	0.40299999999999997	0.14400000000000002	True	0.0	False	0.00010161204156366999	False	0.0	ENSG00000228794
chr9	9	1	0.0236066512617644	0.11785714130138	-0.462922345511209	0.017	0.0060000000000000105	False	0.001	False	0.000369057587247146	False	0.0	ENSG00000177822
chr15	2	1	0.48828195455949297	0.0952067224206294	0.242211932640573	0.579	0.297	True	0.001	False	0.000167242748424834	False	0.0	ENSG00000279118
chr8	1	1	0.412632622508592	0.16782522579325304	-0.587367377491408	0.4	0.218	False	0.0	False	3.71369068123961e-05	False	0.0	ENSG00000231290
chr9	2	1	0.163829077602011	0.16401922703233898	0.649458324337626	0.134	0.052000000000000005	True	0.0	False	5.30366362738732e-06	False	0.0	ENSG00000269825
chr6	5	1	0.0844560120351214	0.0980558021989996	0.304146984222373	0.155	0.11800000000000001	True	0.0	False	6.44003900107659e-06	False	0.0	ENSG00000228274
awhole	7	21	0.511590183469545	0.0454611941939321	-0.0757378067561829	0.672	0.297	False	0.0	False	7.33533347390125e-05	False	0.0	ENSG00000232485
awhole	14	10	0.412997869698394	0.045970397568049	0.16317999983943202	0.313	0.23199999999999998	True	0.0	False	0.0006419688158864071	False	0.0	ENSG00000247679
awhole	10	83	0.361783522050391	0.0561109582207402	0.198843235418402	0.319	0.10800000000000001	True	0.00700000000000001	False	0.007945051096935659	False	0.0	ENSG00000273245
chr17	1	1	0.644707876620902	0.14104708859339402	-0.35529212337909793	0.638	0.33	False	0.0	False	0.000447719741950792	False	0.0	ENSG00000261202
chr9	1	1	0.7599519568366179	0.132057450144806	-0.240048043163382	0.782	0.37799999999999995	False	0.0	False	1.75078937442175e-05	False	0.0	ENSG00000237505
chr1	1	2	0.9930011037527241	0.12500317424438	-0.00699889624727645	0.987	0.361	False	0.001	False	0.000167848652644853	False	0.0	ENSG00000261359
awhole	7	3	0.6958784156882399	0.0348354575020351	0.10079364008189999	0.884	0.309	True	0.0	False	0.000153496943974152	False	0.0	ENSG00000227359
chr6	1	1	0.11722231339454402	0.22206137343854002	0.8827776866054559	0.11599999999999999	0.071	True	0.0	False	3.3488289072902697e-06	False	0.0	ENSG00000279319
chr10	6	1	0.69286820187179	0.0398977490047804	-0.13272673270690302	0.846	0.267	False	0.0	False	4.11660063469599e-05	False	0.0	ENSG00000273888
chr2	1	1	0.48383049078078394	0.157646967902195	0.516169509219216	0.493	0.21600000000000003	True	0.0	False	4.079382319055471e-06	False	0.0	ENSG00000266126
awhole	14	7	0.9845963121696991	0.0194860630599737	-0.0268228099203387	0.975	0.363	False	0.0	False	0.000164665632669925	False	0.0	ENSG00000267279
awhole	3940	2758	2.38530746320409e-05	0.011484567120673	0.0455514260762619	0.0	0.0	True	0.027999999999999997	False	1.1430303592519e-07	False	1.6476253965529701	ENSG00000237187
chr11	1	2	0.549443815524541	0.15064096177804	0.45055618447545903	0.536	0.141	True	0.0	False	0.00010368902406932	False	0.0	ENSG00000279504
chr19	8	1	0.41263860608062797	0.0634546555179307	0.252675326304638	0.28600000000000003	0.106	True	0.0	False	3.98508064909375e-05	False	0.0	ENSG00000237978
chr1	17	1	0.27790115090565903	0.0543968645830983	0.209672900339255	0.136	0.067	True	0.0	False	1.76173950539038e-05	False	0.0	ENSG00000250280
chr8	3	1	0.6869234900562221	0.0616064003457129	-0.132191357601937	0.8079999999999999	0.345	False	0.0	False	6.1596153103638e-06	False	0.0	ENSG00000247137
awhole	50	7	0.0427039513918679	0.05675824016923999	-0.081913477481526	0.008000000000000009	0.163	False	0.0	False	0.0010608538865886099	False	0.0	ENSG00000271811
chr14	1	1	0.0429584480613798	0.23956140585769	0.9570415519386201	0.034	0.03	True	0.0	False	2.0085251523083197e-06	False	0.0	ENSG00000264456
awhole	90	5	0.00316053419435791	0.0364907775808231	0.142793848136712	0.019	0.019	True	0.0060000000000000105	False	0.00714266807936248	False	0.0	ENSG00000213468
chr4	2	2	0.788776641213624	0.0828740204770362	-0.0421986418845213	0.7490000000000001	0.36	False	0.0	False	7.08672168525659e-06	False	0.0	ENSG00000245149
chr12	1	2	0.17722174975318303	0.20992698139491603	-0.8227782502468171	0.17600000000000002	0.091	False	0.0	False	3.98798550149682e-05	False	0.0	ENSG00000239219
awhole	3	5	0.8384323101242791	0.0592425268347564	0.13114994259237597	0.8340000000000001	0.196	True	0.0	False	1.51275233063464e-05	False	0.0	ENSG00000205861
awhole	14	19	0.6788657837376889	0.0325835610883115	-0.0935701204921502	0.655	0.218	False	0.0	False	0.000231982277669296	False	0.0	ENSG00000267886
awhole	5428	2400	0.32911076914519394	0.00264164450785948	0.00942184609299801	0.24600000000000002	0.0	True	0.017	False	2.94797302569094e-07	False	1.84690728157584	ENSG00000214548
chr15	1	4	0.459150804851361	0.16140502973013096	0.540849195148639	0.47100000000000003	0.109	True	0.0	False	0.000851181370186804	False	0.0	ENSG00000274253
awhole	7	4	0.747734834419688	0.0357400775800759	0.0569784791566337	0.879	0.276	True	0.0	False	2.1489054339407503e-05	False	0.0	ENSG00000273142
chr11	1	1	0.506424566601421	0.15588533609649	-0.493575433398579	0.531	0.287	False	0.0	False	1.37245270668274e-05	False	0.0	ENSG00000268129
chr6	1	1	0.44118697976023397	0.16389585845321603	0.558813020239766	0.45	0.2	True	0.0	False	4.22116370990544e-06	False	0.0	ENSG00000264596
awhole	6	20	0.226834812992435	0.10568949222991801	0.423484893520336	0.08900000000000001	0.071	True	0.002	False	0.00274948837075351	False	0.0	ENSG00000279881
awhole	332	11	8.49342818298737e-12	0.0579256141322105	0.232586251048874	0.0	0.0	True	0.005	False	0.00263098897827985	False	0.0	ENSG00000244625
awhole	14	7	0.719590094877417	0.02711956495596	-0.0780444023417799	0.799	0.24600000000000002	False	0.0	False	0.00048349018972637696	False	0.0	ENSG00000248927
awhole	324	38	3.79726411310344e-05	0.0182770217715667	0.0420670916251928	0.025	0.196	True	0.0669999999999999	False	0.0556058176236639	False	0.0	ENSG00000251513
awhole	4	14	0.0734314361963155	0.11126658846625999	0.41467577570458897	0.15	0.038	True	0.002	False	0.00375524036766484	False	0.0	ENSG00000259802
awhole	2	2	0.90517072041962	0.0686376726061629	-0.131645801711644	0.907	0.382	False	0.0	False	7.77491584891266e-06	False	0.0	ENSG00000273797
awhole	2	2	0.33056497065147	0.128215782351653	0.192692138552071	0.312	0.344	True	0.0	False	6.38408259476808e-05	False	0.0	ENSG00000272455
awhole	9	2	0.154705342242135	0.0597803767242852	-0.18840254130610998	0.301	0.16399999999999998	False	0.0	False	2.6140473510682897e-05	False	0.0	ENSG00000244300
chr5	2	1	0.0219667622608797	0.20850616812089603	-0.8227947366180259	0.032	0.015	False	0.0	False	2.47881478876444e-06	False	0.0	ENSG00000261821
chr17	1	1	0.20426330422526398	0.20437572000173002	-0.7957366957747359	0.195	0.08900000000000001	False	0.0	False	0.000213854759240073	False	0.0	ENSG00000261777
chr2	13	1	0.667143104537942	0.0348568739828235	-0.137055384777404	0.634	0.21899999999999997	False	0.001	False	0.00028036757215144103	False	0.0	ENSG00000253553
awhole	16	15	0.010829649081263	0.0896177747419842	0.35447633495326897	0.011000000000000001	0.006	True	0.001	False	0.000434470043980895	False	0.0	ENSG00000274654
chr1	1	1	0.674626453299526	0.13855538033801998	0.32537354670047397	0.703	0.314	True	0.0	False	8.19420516884328e-07	False	0.0	ENSG00000278875
awhole	58	69	0.32622986713007895	0.0295886247870968	0.0963877715734467	0.146	0.106	True	0.012	False	0.00840577250050445	False	0.0	ENSG00000212694
awhole	4	6	0.9670880185430941	0.0404004065188955	0.129805300610126	0.9590000000000001	0.382	True	0.001	False	0.00197307003962388	False	0.0	ENSG00000254682
awhole	7	2	0.525993055038252	0.0503334225476086	-0.18327989993412197	0.58	0.23800000000000002	False	0.0	False	1.47138600931074e-05	False	0.0	ENSG00000280152
awhole	2	2	0.289225855936085	0.15066613899580403	0.6013224160487041	0.185	0.077	True	0.0	False	5.56042541328683e-05	False	0.0	ENSG00000269514
awhole	9	65	0.37375427422026897	0.0421824171301381	-0.0495636346974617	0.61	0.128	True	0.0	False	0.0007208735756447651	False	0.0	ENSG00000268230
chr12	2	1	0.932947310402813	0.0680688162065659	0.0460179537081398	0.938	0.47600000000000003	True	0.0	False	4.0922390221132004e-05	False	0.0	ENSG00000233058
chr6	1	201	0.39671106913390203	0.170219453417479	0.603288930866098	0.377	0.248	True	0.01	False	0.00638254589436826	False	0.0	ENSG00000279631
chr1	4	1	0.8310026054293449	0.0515842903859161	-0.0719260999822693	0.833	0.418	False	0.0	False	0.00011256113355973	False	0.0	ENSG00000215022
chr13	1	1	0.113175954656071	0.223097194774904	0.8868240453439291	0.11	0.057	True	0.0	False	1.4969702790468301e-05	False	0.0	ENSG00000247199
chr5	1	1	0.44659054486140004	0.16389585845321603	0.5534094551386	0.406	0.225	True	0.0	False	4.4987762056303296e-05	False	0.0	ENSG00000277383
awhole	8411	1680	0.00992966260083095	0.00479017307623921	-0.0189903998327017	0.003	0.0	True	0.027999999999999997	False	0.00408769921562735	False	1.42881720594075	ENSG00000175061
awhole	6	10	0.8299705680234821	0.0509277863542203	0.00702002816952252	0.636	0.198	True	0.002	False	0.0009534294163444651	False	0.0	ENSG00000276672
awhole	23	50	0.7201401458472679	0.0229997312045687	-0.08686043388603099	0.737	0.371	False	0.001	False	0.0009618499467971551	False	0.0	ENSG00000261098
chrX	1	8	0.892373270486442	0.126098908733823	-0.10762672951355802	0.889	0.41100000000000003	True	0.0	False	0.00019733929365117802	False	0.0	ENSG00000198221
awhole	1185	2872	0.9679026933390319	0.00236933611473813	-0.00163020819135729	0.9329999999999999	0.0	True	0.002	False	0.000801422027061127	False	1.8652205588203201	ENSG00000197182
awhole	2	2	0.6328407595419749	0.10615073334314801	-0.0107774583614686	0.475	0.48700000000000004	False	0.0	False	4.12476584279453e-05	False	0.0	ENSG00000260086
chr12	1	1	0.364933807806816	0.17554231831958897	0.6350661921931839	0.335	0.175	True	0.0	False	3.7291228489611002e-06	False	0.0	ENSG00000228107
awhole	3	3	0.570297682088486	0.0710907474774503	0.102676130687481	0.6829999999999999	0.354	True	0.0	False	7.83584860664099e-06	False	0.0	ENSG00000224086
awhole	5	7	0.829457465475624	0.0526764343955732	0.15299803274394597	0.6920000000000001	0.175	True	0.0	False	0.000425540836342719	False	0.0	ENSG00000260896
awhole	8	10	0.872126263766816	0.0345028238586932	0.0796328882876107	0.851	0.179	True	0.0	False	0.00011675887647610801	False	0.0	ENSG00000227946
chr9	1	2	0.11261048279647501	0.223097194774904	0.887389517203525	0.099	0.031	True	0.0	False	4.67503394663282e-06	False	0.0	ENSG00000279406
awhole	3	3	0.35296684968708397	0.0874477130837047	-0.307169688533453	0.446	0.187	False	0.0	False	0.00010475867842263399	False	0.0	ENSG00000224848
chr6	1	3	0.48452963130688703	0.157646967902195	0.5154703686931129	0.483	0.26899999999999996	True	0.0	False	5.7954645721114404e-05	False	0.0	ENSG00000226913
awhole	2	8	0.570734642617335	0.10321173098233301	0.0656475171783861	0.536	0.306	True	0.0	False	3.45192873953959e-05	False	0.0	ENSG00000271780
awhole	848	4713	0.030742016111698	0.0118104030600185	0.0439195215956936	0.022000000000000002	0.0	True	0.0	False	3.6527447733192295e-11	False	2.1512032856665098	ENSG00000189223
chr10	1	234	0.126166680268631	0.22054328695680397	-0.873833319731369	0.107	0.003	False	0.036000000000000004	False	0.0373721924178778	False	0.0	ENSG00000273375
awhole	2	9	0.256254789664823	0.135037536471837	-0.285271316136242	0.253	0.349	False	0.005	False	0.0037896910581546295	False	0.0	ENSG00000246339
awhole	4	4	0.931668055875693	0.0393798278434296	0.0643012969679531	0.965	0.42200000000000004	True	0.0	False	9.99572375959268e-06	False	0.0	ENSG00000259797
chr7	1	2	0.650678518474397	0.14044039476883302	0.349321481525603	0.636	0.46299999999999997	True	0.0	False	2.68597939401261e-06	False	0.0	ENSG00000177335
chr1	2	1	0.7045776335313221	0.0811862642481746	0.18197398016910799	0.773	0.337	True	0.0	False	1.82361149536625e-06	False	0.0	ENSG00000267682
awhole	19	165	0.77976274799529	0.0328360409439809	-0.127684197762544	0.46799999999999997	0.361	False	0.003	False	0.00367996912792368	False	0.0	ENSG00000234380
chr5	1	2	0.395167824070741	0.170219453417479	-0.6048321759292591	0.40299999999999997	0.21100000000000002	False	0.0	False	0.00018953029620050202	False	0.0	ENSG00000235499
awhole	24	71	0.7534418965695749	0.0298034266471138	0.10456986633879901	0.469	0.094	True	0.00600000000000001	False	0.00639184487356892	False	0.0	ENSG00000256268
awhole	7	5	0.00159844833505562	0.157537013566338	-0.629842327994785	0.003	0.004	False	0.00700000000000001	False	0.0016171078327498198	False	0.0	ENSG00000254936
awhole	27	2	0.12370073210346401	0.0471353259702324	0.00589722968590212	0.106	0.493	False	0.002	False	0.0036679502592946705	False	0.0	ENSG00000236810
chr1	6	1	0.892076844825666	0.0375029491345493	0.12234631703267901	0.877	0.282	True	0.0	False	1.4363873681366699e-05	False	0.0	ENSG00000281183
chr16	1	10	0.0281029284628056	0.242875554232459	-0.9718970715371941	0.027999999999999997	0.004	False	0.002	False	0.0008114937239551701	False	0.0	ENSG00000250616
awhole	3	5	0.7370812466852958	0.07263238044251	-0.22517235880701397	0.645	0.408	True	0.003	False	0.0041963257899742	False	0.0	ENSG00000260219
chr14	1	1	0.32107647830393893	0.182655624386066	0.6789235216960611	0.314	0.15	True	0.0	False	1.98049921995569e-06	False	0.0	ENSG00000231527
awhole	76	30	0.590196619554593	0.0167735948432929	0.0612931969912149	0.451	0.306	True	0.005	False	0.00259558839006724	False	0.0	ENSG00000267106
awhole	30	3	0.00364545325718668	0.0577306697071224	0.230581872323429	0.033	0.008	True	0.0	False	0.000272019346478247	False	0.0	ENSG00000271335
chr7	1	1	0.680897119376842	0.137204812769251	-0.319102880623158	0.6729999999999999	0.35200000000000004	False	0.0	False	2.1211706429102904e-06	False	0.0	ENSG00000279147
awhole	2519	51	3.33066907387547e-16	0.0270264197842227	0.10788740000702199	0.0	0.0	True	0.312	True	0.341937196930887	False	0.824680262840835	ENSG00000249669
awhole	119	4	0.296146995839644	0.0134554770387332	0.0299076335505666	0.446	0.313	True	0.004	False	0.00102149196208656	False	0.0	ENSG00000247572
awhole	2	2	0.816208221470855	0.0747064408579889	0.0984000167583456	0.85	0.413	True	0.0	False	6.70463294959456e-05	False	0.0	ENSG00000267457
chr4	1	1	0.8905121272133991	0.126942596007983	-0.10948787278660099	0.852	0.439	False	0.0	False	5.80397225646845e-06	False	0.0	ENSG00000225465
awhole	661	169	0.0390482580738344	0.009192328735869471	-0.0311465159671307	0.109	0.336	True	0.002	False	0.0019244664135326102	False	15.771529715196301	ENSG00000260269
chr13	144	1	0.0064705636957169705	0.0250961962138286	0.0902561989580062	0.049	0.03	True	0.0	False	0.0005714845564440679	False	0.0	ENSG00000270069
chr2	1	23	0.589327064066575	0.14649338484825597	0.41067293593342497	0.599	0.301	True	0.0	False	3.8341239084083204e-05	False	0.0	ENSG00000218416
awhole	7	3	0.19724555750359196	0.0779448991442732	0.291932923668517	0.207	0.106	True	0.001	False	0.000241053002567271	False	0.0	ENSG00000267904
awhole	2322	615	0.0153324635827372	0.00680315175631832	-0.0211208739476001	0.031	0.084	False	0.021	False	0.00631308549517517	False	2.8144645122055696	ENSG00000265257
awhole	21	2	0.35037366194510805	0.0331147430135909	0.10085809317592001	0.434	0.222	True	0.001	False	0.0011973475258313401	False	0.0	ENSG00000249042
chr1	1	1	0.0955932359921206	0.22713254480372697	-0.904406764007879	0.078	0.0570000000000001	False	0.0	False	8.756552583033541e-07	False	0.0	ENSG00000245466
awhole	2	10	0.249978483459466	0.154806661378703	0.6201800986692451	0.162	0.109	True	0.001	False	0.00225817414876628	False	0.0	ENSG00000272931
chr17	1	1	0.0298352431946594	0.242875554232459	0.970164756805341	0.027999999999999997	0.013999999999999999	True	0.0	False	7.92361610056913e-05	False	0.0	ENSG00000224635
awhole	10	52	0.23220002035584802	0.0795711350484934	-0.314967122872461	0.09	0.37	False	0.002	False	0.0009531849395234551	False	0.0	ENSG00000262228
chr1	1	1	0.44783297857646703	0.162618849290591	-0.5521670214235329	0.441	0.205	False	0.0	False	1.18775807277371e-05	False	0.0	ENSG00000268001
chr21	1	2	0.6769742232596571	0.13855538033801998	-0.323025776740343	0.6679999999999999	0.359	False	0.0	False	0.000617833665236045	False	0.0	ENSG00000198496
chr12	1	3	0.0803695334968304	0.230263131743625	-0.9196304665031699	0.078	0.021	False	0.0	False	2.4700749333916898e-05	False	0.0	ENSG00000214401
awhole	2	2	0.11959582473886501	0.17256655032739598	0.6769226706759239	0.105	0.055	True	0.0	False	0.0014646004268829	False	0.0	ENSG00000228495
chr1	2	1	0.460027319039091	0.10457202495020801	-0.375974888488717	0.502	0.20600000000000002	False	0.0	False	5.5229786942279105e-05	False	0.0	ENSG00000275180
chr2	1	1	0.5043911639769699	0.15588533609649	-0.4956088360230301	0.507	0.244	False	0.0	False	1.30474171333717e-06	False	0.0	ENSG00000270179
awhole	9	4	0.8102166601701979	0.036075327628017996	-0.0192071329957391	0.74	0.455	False	0.0	False	1.4515701895589902e-05	False	0.0	ENSG00000232973
chr10	2	1	0.0754966673128603	0.172555682583257	-0.61953626430859	0.081	0.0590000000000001	False	0.0	False	1.99703897113546e-05	False	0.0	ENSG00000263786
awhole	30	34	0.546730800131865	0.0180971382618838	-0.021925456523475	0.792	0.39799999999999996	True	0.005	False	0.0058546681332925	False	0.0	ENSG00000267520
awhole	2	2	0.656548892011261	0.0932236464840937	0.0706070601947746	0.601	0.43200000000000005	True	0.0	False	8.6198464147591e-06	False	0.0	ENSG00000267939
awhole	4	3	0.0295259465597202	0.157334116633507	0.629447276976087	0.025	0.016	True	0.0	False	0.000216230902251646	False	0.0	ENSG00000277534
awhole	16	27	0.48966595905094296	0.031617173731363	-0.0541636274727848	0.609	0.423	False	0.001	False	0.00101679265855914	False	0.0	ENSG00000270060
chr8	5	1	0.245933100360059	0.0925184449886919	0.36856475900738106	0.19899999999999998	0.083	True	0.0	False	3.53105675654497e-05	False	0.0	ENSG00000261801
chr2	87	1	0.0075104765387588	0.0443506990753356	0.17612489218862698	0.005	0.001	True	0.001	False	0.000423068976113328	False	0.0	ENSG00000269967
chr1	8	1	0.706005925344158	0.0447296292278012	0.12745818824468802	0.632	0.233	True	0.0	False	6.81241693445411e-06	False	0.0	ENSG00000280798
awhole	7	5	0.5360807688472891	0.06680281106258999	0.13699422143371	0.321	0.254	True	0.003	False	0.0013489464142142401	False	0.0	ENSG00000103472
awhole	101	2	0.358873067888349	0.0141324674047148	0.00555183330457631	0.488	0.45799999999999996	True	0.0	False	0.000110053483702854	False	0.0	ENSG00000271147
chr6	1	1	0.673899044248328	0.13855538033801998	0.32610095575167203	0.6679999999999999	0.336	True	0.0	False	1.2470289462163098e-06	False	0.0	ENSG00000272791
chr17	12	1	0.996016593557672	0.0184479573032305	-0.0396471910140341	0.991	0.406	False	0.001	False	0.0006708687852956531	False	0.0	ENSG00000250320
awhole	20	2	0.000159458893609576	0.0822985826676302	-0.256631674372305	0.013999999999999999	0.027999999999999997	False	0.0	False	5.689683599152671e-05	False	0.0	ENSG00000229656
chr16	2	1	0.153222472819184	0.15387263299702303	-0.569632872951126	0.158	0.07200000000000001	False	0.0	False	5.31335129505539e-06	False	0.0	ENSG00000260293
awhole	2	3	0.0760145744463918	0.19405304783507002	-0.7749211202717209	0.052000000000000005	0.04	False	0.0	False	3.0952633066405604e-05	False	0.0	ENSG00000223947
awhole	54	2	0.7951218114438451	0.0139593964499542	-0.0225451070541662	0.7909999999999999	0.396	False	0.0	False	9.54217859691076e-05	False	0.0	ENSG00000247556
awhole	53	4	2.04020134120242e-11	0.13831788131716502	0.553236642992225	0.0	0.0	True	0.002	False	0.0038971793281447104	False	0.0	ENSG00000261008
awhole	7	190	0.0445297180912637	0.101742936020233	-0.375375505545116	0.073	0.23	False	0.005	False	0.00438219914306415	False	0.0	ENSG00000273117
chr5	2	1	0.582124615570338	0.11276161704400901	-0.446771922606132	0.44299999999999995	0.161	False	0.0	False	2.22542497352318e-06	False	0.0	ENSG00000272030
chr2	5	1	0.598042960723298	0.0578202767764268	0.168254283127441	0.5760000000000001	0.266	True	0.0	False	0.000484105788666533	False	0.0	ENSG00000270504
chr1	1	431	0.687794551436677	0.137204812769251	0.312205448563323	0.6629999999999999	0.264	False	0.008000000000000009	False	0.00838282050824146	False	0.0	ENSG00000259209
awhole	2172	242	5.85766657401621e-10	0.0162501086279468	0.0601337354148133	0.0	0.0	True	0.157	False	0.291707574514156	False	1.1140080330851398	ENSG00000246430
chr8	9	1	0.0491999345086727	0.090440228207519	-0.353183105718468	0.0620000000000001	0.037000000000000005	False	0.0	False	3.9747501048959e-05	False	0.0	ENSG00000248869
awhole	54670	30	2.4014124022642106e-13	0.00393921097489871	-0.0151593902835359	0.0	0.0	False	0.035	False	0.0133861270418276	False	4.11079184875956	ENSG00000234741
awhole	1817	190	1.76200705248597e-07	0.0174614102410165	0.0700478143887366	0.0	0.0	True	0.198	False	0.11491498710622	False	1.63155478784849	ENSG00000233237
awhole	7	88	0.9023407040472551	0.0407932726046635	-0.0334936034347415	0.785	0.16399999999999998	True	0.002	False	0.0013294587172451	False	0.0	ENSG00000256073
chr1	1	1	0.0621716518724711	0.234948947742659	0.937828348127529	0.0669999999999999	0.025	True	0.0	False	5.65560827348044e-06	False	0.0	ENSG00000251323
awhole	7	6	0.4471590879707801	0.0711385622768243	-0.28300611824584493	0.257	0.489	False	0.0	False	0.000405589701157894	False	0.0	ENSG00000231789
awhole	45	22	0.474009602578031	0.0181328170728102	0.0355502720190946	0.652	0.142	False	0.002	False	0.00385206845020525	False	0.0	ENSG00000256712
chr12	3	1	0.315234533458607	0.10435077523567698	0.357467836246647	0.309	0.145	True	0.0	False	1.87955617918512e-05	False	0.0	ENSG00000280069
chr1	2	1	0.812553364386606	0.0787354795356183	0.24486024305089002	0.807	0.302	True	0.0	False	4.931726010593e-05	False	0.0	ENSG00000268573
awhole	5	4	0.45332029006796004	0.0597055140737577	0.0438793056378368	0.5770000000000001	0.43799999999999994	True	0.001	False	0.00101498409535505	False	0.0	ENSG00000280381
awhole	5	2	0.0693438221774511	0.106555785053872	-0.16828551836527197	0.11	0.27	False	0.0	False	5.75423698001565e-06	False	0.0	ENSG00000236871
awhole	8	21	0.0910738640417913	0.122620382372298	-0.4895414559465379	0.013000000000000001	0.00900000000000001	False	0.001	False	0.00225864001350418	False	0.0	ENSG00000229334
chr1	1	1	0.811211835298629	0.129391485234741	-0.188788164701371	0.813	0.40399999999999997	False	0.0	False	1.03632594783409e-06	False	0.0	ENSG00000248360
awhole	67	301	0.878333467858052	0.0148747507116793	0.0403381527549782	0.637	0.14800000000000002	True	0.0	False	0.000375266224570403	False	35.90392966029471	ENSG00000271853
chr9	3	1	0.7484957787311	0.065736546299682	0.15945541957838402	0.7490000000000001	0.319	True	0.0	False	0.00013692816755739298	False	0.0	ENSG00000268658
awhole	3258	774	7.51180342222213e-05	0.0107047422425944	0.0428548281075636	0.0	0.0	True	0.203	False	0.0277213754041019	False	1.84264462433487	ENSG00000172965
awhole	4019	2408	0.0011508649127072198	0.0098859629184636	0.0397453553401266	0.0	0.0	True	0.004	False	1.08784975916265e-06	False	1.6541050949918201	ENSG00000171889
awhole	2	3	0.989187752465573	0.0637694498125146	-0.0656133975533357	0.9940000000000001	0.428	True	0.0	False	0.000400239892666798	False	0.0	ENSG00000254554
chr2	1	1	0.0455795497327265	0.238556131594427	-0.9544204502672741	0.045	0.018000000000000002	False	0.0	False	1.3212574312859698e-05	False	0.0	ENSG00000274818
chr12	1	1	0.811551913190462	0.129391485234741	-0.188448086809538	0.8059999999999999	0.426	False	0.0	False	3.04107342192772e-05	False	0.0	ENSG00000260693
awhole	2	2	0.5193466552786721	0.10406543899451401	-0.0898418627651525	0.509	0.405	False	0.0	False	1.02440027730522e-05	False	0.0	ENSG00000280710
awhole	42449	11	0.0	0.008385401742402841	-0.0333102047144882	0.0	0.0	False	0.025	False	0.0076321643043713	False	2.03798624940746	ENSG00000245532
chr5	2	1	0.5382527864312	0.0918723037144678	-0.20333418533004702	0.655	0.308	False	0.0	False	9.255135155306071e-05	False	0.0	ENSG00000233098
awhole	15	16	0.35359040456097995	0.0606751986975777	-0.24138149245855	0.14	0.324	False	0.0	False	0.000267742179151709	False	0.0	ENSG00000246640
chr12	10	1	0.9031197391308241	0.0283333702731488	0.0290129119115381	0.8859999999999999	0.445	True	0.0	False	2.8136888572172198e-05	False	0.0	ENSG00000272622
awhole	5	46	0.19602100859434501	0.10327504885974399	0.40356152990999794	0.134	0.218	True	0.0070000000000000106	False	0.00673094286772158	False	0.0	ENSG00000280239
chr1	41	1	0.204683559188737	0.0243899012054624	0.0906882749103151	0.38799999999999996	0.155	True	0.0	False	7.130718834091891e-05	False	0.0	ENSG00000226688
awhole	24	922	0.5746784917553089	0.0236716297142083	0.0476359295799713	0.715	0.125	False	0.001	False	0.00166012754512801	False	16.6812393583547	ENSG00000250159
chr15	1	1	0.0484241437757922	0.238556131594427	0.951575856224208	0.04	0.036000000000000004	True	0.001	False	0.000149336429443925	False	0.0	ENSG00000240996
awhole	11	118	0.0406520733854435	0.073698111039472	0.29303535739946895	0.10099999999999999	0.059000000000000004	True	0.03	False	0.00118027764839046	False	19.3497522966712	ENSG00000215374
chr6	1	17	0.7454005506888001	0.133161741975549	-0.2545994493112	0.738	0.475	False	0.002	False	0.001303309177485	False	0.0	ENSG00000233175
awhole	2	2	0.39938555710552903	0.10742544542270697	0.28722014976415505	0.479	0.26	True	0.0	False	5.18170411667462e-06	False	0.0	ENSG00000259926
chr20	2	1	0.11801630171596	0.16071232532653001	-0.585127386315661	0.155	0.08199999999999999	False	0.0	False	0.000128696413119966	False	0.0	ENSG00000273759
awhole	1170	23	4.2424175283883905e-10	0.0226189353350816	0.0904224720134557	0.0	0.0	True	0.044	False	0.0712852144780045	False	2.29623369960661	ENSG00000245937
chr12	1	1	0.15915686228122	0.213987875657802	-0.84084313771878	0.151	0.08	False	0.0	False	9.41284630598949e-05	False	0.0	ENSG00000263766
chr11	3	1	0.196339374022424	0.10484433748534	-0.24599495376628303	0.321	0.25	False	0.0	False	6.326917956078759e-05	False	0.0	ENSG00000246308
chr1	1	1	0.912945270397564	0.126098908733823	-0.087054729602436	0.8909999999999999	0.489	False	0.0	False	1.51592795625266e-05	False	0.0	ENSG00000232860
awhole	11	7	0.5985433879212471	0.0405602794825167	0.11178956442153698	0.562	0.067	True	0.0	False	0.00160647638202804	False	0.0	ENSG00000261468
awhole	21	2	0.961420939342269	0.0175667481018875	0.0184690864368302	0.9309999999999999	0.45799999999999996	True	0.0	False	0.000258125462715419	False	0.0	ENSG00000257285
chr8	6	1	0.7668897980399159	0.0441505477068955	-0.0327711820763334	0.7929999999999999	0.434	False	0.001	False	8.602500885701579e-05	False	0.0	ENSG00000180139
chr1	2	2	0.293783937968574	0.12351099782286999	0.354792004581426	0.34600000000000003	0.214	True	0.0	False	0.00017593469969745502	False	0.0	ENSG00000235884
chr1	1	4	0.922355761227169	0.125550963789089	-0.0776442387728307	0.915	0.483	True	0.0	False	1.0901506288574198e-05	False	0.0	ENSG00000250950
awhole	177	18	0.00473747057910312	0.0337259699991205	0.135448229378522	0.002	0.0	True	0.018	False	0.0141267990293152	False	0.0	ENSG00000278730
awhole	14	40	0.0657119495637722	0.0811917290716911	0.321700332137487	0.04	0.252	True	0.005	False	0.00950897707638843	False	0.0	ENSG00000280344
awhole	2	2	0.565875295984111	0.0898508908454146	-0.21325248168202102	0.65	0.317	False	0.0	False	3.879473848611431e-06	False	0.0	ENSG00000245522
awhole	1088	31	0.0126261260495393	0.0063621978074522205	0.0224935095181835	0.203	0.0	True	0.016	False	0.00887624158955624	False	0.0	ENSG00000248049
awhole	7	3	0.36269140582409704	0.0688450892840727	-0.261673422912589	0.299	0.115	False	0.0	False	0.00030322261258342004	False	0.0	ENSG00000235706
awhole	787	33	0.0162318280096262	0.0163845328704269	0.06628913128869	0.001	0.087	True	0.013	False	0.000251001787596961	False	44.270233818611004	ENSG00000224020
awhole	18	58	0.206511843441495	0.0285298557934946	0.0854713421341615	0.6559999999999999	0.19699999999999998	True	0.003	False	0.00236195993575139	False	0.0	ENSG00000236393
awhole	22619	6836	0.14291064535288098	0.00114421113161863	0.0036136995807178897	0.324	0.0	True	0.0	False	0.0	False	1.53557690185073	ENSG00000225746
chr1	31	1	0.502663899056883	0.0266052219752343	0.0923297771677565	0.426	0.215	True	0.001	False	0.000612206873461196	False	0.0	ENSG00000281649
chr6	1	1	0.36428673260905	0.17554231831958897	-0.6357132673909499	0.349	0.183	False	0.0	False	6.0477976593365e-06	False	0.0	ENSG00000272468
awhole	10	102	0.811656791208227	0.0323180100563229	0.0537067262472077	0.794	0.316	False	0.002	False	0.00112249365304895	False	0.0	ENSG00000215241
chr12	1	1	0.9870090340589641	0.12500317424438	0.0129909659410357	0.99	0.499	True	0.0	False	1.5531759149922702e-06	False	0.0	ENSG00000275850
awhole	2	37	0.307886267546098	0.120826202511965	0.359279540693502	0.36200000000000004	0.27399999999999997	True	0.012	False	0.00674777908958568	False	0.0	ENSG00000235560
chr3	11	1	0.8294516477160842	0.0324505976218368	0.0190643865192068	0.726	0.466	True	0.0	False	5.0700925151026e-05	False	0.0	ENSG00000281501
awhole	8	20	0.37285808672811105	0.0625684194476164	0.0949128555067076	0.31	0.035	True	0.003	False	0.00253707951260773	False	0.0	ENSG00000259732
awhole	2	2	0.5599322935208871	0.110869453460737	0.0321516409609015	0.45899999999999996	0.491	True	0.0	False	3.1317496522742496e-05	False	0.0	ENSG00000271880
awhole	3	2	0.149885278613674	0.126279442868919	-0.49832925524183297	0.155	0.071	False	0.0	False	4.71553940639691e-06	False	0.0	ENSG00000229951
awhole	3	2	0.23767101693760298	0.128286497690637	-0.47847076628666296	0.155	0.09699999999999999	False	0.0	False	2.6523339748507604e-05	False	0.0	ENSG00000282977
awhole	2	19	0.739845156578397	0.0911207975134271	-0.0235881395541908	0.67	0.21	False	0.0	False	0.000335858279328138	False	0.0	ENSG00000259438
awhole	10	261	0.5581220181740529	0.0327062214097663	0.0833613908468454	0.7859999999999999	0.128	True	0.04	False	0.00308919377764982	False	11.7995516160061	ENSG00000235513
awhole	6	3	0.41970609230030703	0.077561101954534	0.30670631991001895	0.24	0.096	True	0.0	False	0.000181650876230344	False	0.0	ENSG00000259935
chr11	1	3	0.8172087130392091	0.129391485234741	-0.18279128696079103	0.8	0.366	True	0.0	False	1.4013230710596697e-05	False	0.0	ENSG00000259407
awhole	316	6	0.51645468332266	0.0061101654547704295	0.00320214969788668	0.737	0.446	True	0.0	False	0.0013424924246022698	False	0.0	ENSG00000257379
awhole	34	36	0.702595306367157	0.0204198021230291	0.00539565403123454	0.65	0.428	False	0.003	False	0.0027575652696660803	False	0.0	ENSG00000261783
chrX	1	1	0.255223824498059	0.19427884193881895	0.7447761755019409	0.23800000000000002	0.102	True	0.0	False	1.3650267771669901e-06	False	0.0	ENSG00000280294
awhole	9	3	0.9297402258514049	0.0318484198190367	-0.0759620113747399	0.855	0.332	False	0.0	False	0.000112778935208224	False	0.0	ENSG00000274272
chr5	7	1	0.471024055607645	0.0704151918962939	0.25519418077989997	0.275	0.122	True	0.0	False	0.00011594224918654	False	0.0	ENSG00000185904
awhole	39	2	0.6777004739448559	0.0255426357201951	0.0794301840371898	0.42200000000000004	0.204	True	0.005	False	0.0050392750569479	False	0.0	ENSG00000261069
awhole	2	4	0.618217898544522	0.08805434233336	0.27606583365487	0.665	0.32899999999999996	True	0.0	False	8.76325164409497e-05	False	0.0	ENSG00000260807
chr10	1	1	0.0173571206775569	0.244618997082689	-0.982642879322443	0.011000000000000001	0.012	False	0.0	False	2.0403980578453897e-06	False	0.0	ENSG00000272112
chr1	9	1	0.488703208521971	0.0452933834719401	-0.115790162933281	0.536	0.27399999999999997	False	0.0	False	4.38140438401291e-05	False	0.0	ENSG00000175170
chr3	1	1	0.038457926332077	0.24063172369914604	-0.9615420736679229	0.039	0.022000000000000002	False	0.0	False	4.009166942542389e-06	False	0.0	ENSG00000247400
awhole	5	3	0.43594399131175304	0.0595362869605011	0.202569947018947	0.575	0.24600000000000002	True	0.0	False	4.34203254262577e-05	False	0.0	ENSG00000267546
awhole	4	4	0.0547063866777902	0.136085582308899	-0.5238796961973811	0.0679999999999999	0.036000000000000004	False	0.0	False	0.000301483265142455	False	0.0	ENSG00000237523
awhole	4	46	0.910931547041088	0.0557589325331446	-0.0967421109057733	0.759	0.205	True	0.005	False	0.00184529449689697	False	0.0	ENSG00000274918
awhole	34	62	0.9696024356809569	0.0141255791539286	-0.0211426733019562	0.919	0.16399999999999998	True	0.003	False	0.00156139037757574	False	0.0	ENSG00000234072
chr12	2	1	0.394574697688599	0.10968376768352901	-0.24812062525400003	0.493	0.292	False	0.0	False	6.46620949366072e-05	False	0.0	ENSG00000204929
awhole	5	5	0.8560917736306078	0.0523659055900276	0.19968310085780497	0.716	0.258	True	0.0	False	4.15135996499894e-05	False	0.0	ENSG00000248734
chr3	2	1	0.5308069357085471	0.0933987756654616	0.19710734419422898	0.5870000000000001	0.315	True	0.0	False	7.01981206296942e-06	False	0.0	ENSG00000276075
awhole	7	3	0.25833828143605	0.0514625509273826	-0.0913014206056719	0.544	0.355	False	0.001	False	0.0009527063865908401	False	0.0	ENSG00000258301
chr6	1	2	0.9648765624419271	0.125232034900834	0.0351234375580729	0.945	0.39	False	0.0	False	2.58187683233047e-06	False	0.0	ENSG00000279879
awhole	60	57	0.007080460968984741	0.0507569247753717	-0.18001338162380498	0.005	0.002	False	0.002	False	0.00459800709310465	False	0.0	ENSG00000237870
awhole	10	3	0.49770333398814903	0.0525342515411298	0.157229841720547	0.35700000000000004	0.182	True	0.0	False	8.003978336357241e-05	False	0.0	ENSG00000235530
awhole	2	9	0.429055746591231	0.10330048345236599	0.28721461379722996	0.505	0.381	True	0.001	False	0.0012871642219936	False	0.0	ENSG00000267698
awhole	3	3	0.0966632079949327	0.14529891240618498	0.573011215372171	0.09300000000000001	0.084	True	0.0	False	2.10133935515389e-05	False	0.0	ENSG00000272040
chr3	1	1	0.741975799871544	0.133161741975549	-0.258024200128456	0.736	0.40299999999999997	False	0.0	False	5.6733494470218006e-05	False	0.0	ENSG00000266208
awhole	2	4	0.654692597744343	0.0968788804274084	0.3640459848782971	0.5660000000000001	0.203	True	0.0	False	1.16188057629474e-05	False	0.0	ENSG00000260317
awhole	82	2	0.00104846459248376	0.0503901763372901	0.20134162730348104	0.001	0.001	True	0.0	False	0.00011880259287178101	False	0.0	ENSG00000272980
awhole	12	9	0.5520295747853299	0.0238753536078313	0.0460062962205992	0.9279999999999999	0.39	True	0.0	False	9.80638990684124e-05	False	0.0	ENSG00000225138
chr15	1	2	0.46323183856320294	0.16056233199640196	-0.5367681614367971	0.447	0.22399999999999998	False	0.0	False	9.961644824052479e-05	False	0.0	ENSG00000234694
awhole	8141	1118	3.3539837573926e-12	0.0117349964304745	0.046914295868282004	0.0	0.0	True	0.005	False	0.0	False	2.0883504320201	ENSG00000224078
awhole	16	3	0.868668153828237	0.0219730918562203	0.0671262215252704	0.9009999999999999	0.35700000000000004	True	0.0	False	0.00036437008071832404	False	0.0	ENSG00000254602
awhole	30	68	0.242342903042637	0.030843705388513998	-0.11993388754759801	0.308	0.429	True	0.003	False	0.00330302037069885	False	0.0	ENSG00000229587
chr3	1	1	0.0440352877494345	0.23956140585769	0.955964712250565	0.040999999999999995	0.022000000000000002	True	0.0	False	1.63392464069823e-06	False	0.0	ENSG00000273691
awhole	13	28	0.797074825123495	0.028171635353938	-0.0476313785086371	0.812	0.47200000000000003	True	0.0	False	0.00453366245257925	False	0.0	ENSG00000223764
awhole	54	8	0.14022285288106798	0.0413153524426301	0.16078614231306101	0.032	0.06	True	0.00800000000000001	False	0.00478060487853005	False	0.0	ENSG00000223768
chr12	2	1	0.8870946330010441	0.0698321773282612	0.144329749781334	0.903	0.381	True	0.0	False	2.0994026092235898e-05	False	0.0	ENSG00000273295
chr12	1	2	0.155775260365906	0.213987875657802	-0.8442247396340941	0.16699999999999998	0.414	False	0.0	False	9.26653263277899e-06	False	0.0	ENSG00000267767
chr2	121	1	9.68451272509441e-08	0.0639413366699536	0.25564318571884503	0.0	0.0	True	0.0	False	0.00125371671354912	False	0.0	ENSG00000179818
chr2	1	102	0.50867327662605	0.15488116782873598	0.49132672337395006	0.513	0.31	True	0.004	False	0.00603922824048697	False	0.0	ENSG00000240859
awhole	2	2	0.393443021144007	0.108152988036642	0.28882906500968397	0.414	0.23800000000000002	True	0.001	False	0.000292590701415296	False	0.0	ENSG00000272841
awhole	513	1406	0.0416852965971105	0.0182719447250724	0.0738096288702259	0.00900000000000001	0.0	True	0.044	False	0.0297534020756947	False	2.59950977070736	ENSG00000232284
chrX	2	1	0.835370971933917	0.0761747577548548	0.0601973988934119	0.8320000000000001	0.425	True	0.0	False	7.873422004589509e-05	False	0.0	ENSG00000204055
awhole	2	4	0.746236838963757	0.0786848295406666	-0.19213880444628	0.7929999999999999	0.37200000000000005	False	0.0	False	0.00033584509998652	False	0.0	ENSG00000246582
awhole	88	4	8.34170099661691e-09	0.0996641030278379	0.39875894360904796	0.0	0.0	True	0.002	False	0.00039975730146424304	False	0.0	ENSG00000269293
chr9	2	1	0.7672179847067421	0.077283607290523	0.165318890026705	0.785	0.32299999999999995	True	0.0	False	3.75299822092945e-05	False	0.0	ENSG00000225675
awhole	7935	4138	0.0016415326158747401	0.00563539278233205	0.0225101028816064	0.0	0.0	True	0.0	False	0.0	False	2.06475527705338	ENSG00000255248
chr4	22	1	0.9825981754194241	0.0175124543025764	-0.00383580865493505	0.932	0.493	True	0.0	False	4.75347160591166e-05	False	0.0	ENSG00000236548
awhole	113	8445	0.190119338202167	0.0188736779112244	0.0745201175374162	0.20199999999999999	0.006	True	0.025	False	0.00652981626708116	False	2.2728643243048503	ENSG00000229619
chrX	1	1	0.432385779381745	0.16520934476769503	-0.567614220618255	0.425	0.198	False	0.0	False	1.7623585151227402e-06	False	0.0	ENSG00000272807
chr12	5	1	0.08865945221102099	0.11257055732461199	0.44607540470981	0.087	0.042	True	0.0	False	0.00013163785755088101	False	0.0	ENSG00000243960
awhole	2	2	0.569863188349218	0.106715759708759	-0.41553893375853396	0.485	0.177	False	0.0	False	0.000176606155460002	False	0.0	ENSG00000180712
awhole	18	16	0.0323008023398934	0.05339996917549401	-0.19410394876848103	0.152	0.252	False	0.002	False	0.000505576718933587	False	0.0	ENSG00000256546
chr9	4	2	0.20719386426085898	0.118766378586865	-0.47493381384244004	0.107	0.05	False	0.0	False	0.000139506697155234	False	0.0	ENSG00000153363
chr5	1	1	0.0664950741870891	0.23413927336427695	0.9335049258129109	0.0639999999999999	0.032	True	0.0	False	5.992125329346011e-05	False	0.0	ENSG00000241472
awhole	4	9	0.578497285989593	0.0706575721146055	0.183079359000611	0.5329999999999999	0.266	True	0.0	False	0.000213949568586114	False	0.0	ENSG00000283045
awhole	688	749	0.0132341857198156	0.0134239404506703	0.0541475561314666	0.017	0.0	True	0.012	False	0.000131602260939223	False	3.0620283462175397	ENSG00000234456
awhole	1652	332	0.223308136908777	0.00421632131015165	0.006511797628005129	0.332	0.0	True	0.017	False	0.00359243773744955	False	2.87681381616827	ENSG00000241288
awhole	7	8	0.688871411696834	0.0494692240859514	-0.0218072761664347	0.5589999999999999	0.474	True	0.0	False	0.000584552373184888	False	0.0	ENSG00000269609
awhole	104	3	0.123510248079255	0.0238113009471431	-0.00395955540939297	0.107	0.486	False	0.004	False	0.009637433340963009	False	0.0	ENSG00000239332
chr16	1	1	0.7689644303313281	0.13151075581457902	-0.231035569668672	0.774	0.38799999999999996	False	0.0	False	5.07647112640841e-05	False	0.0	ENSG00000269688
chr1	2	1	0.551363074339026	0.0947257241869666	-0.14842943075394902	0.584	0.355	False	0.0	False	7.88891529990288e-06	False	0.0	ENSG00000274421
chr11	1	1	0.8674741900052841	0.126942596007983	-0.132525809994716	0.857	0.42100000000000004	False	0.0	False	4.32241173371484e-05	False	0.0	ENSG00000267064
awhole	3	14	0.576215678446906	0.0770255795688927	0.0360907195161642	0.603	0.067	True	0.001	False	0.000405296196648752	False	0.0	ENSG00000279315
awhole	7	4	0.0596801832372635	0.11645294998727498	-0.464711966265781	0.026000000000000002	0.023	False	0.001	False	0.000985807119443738	False	0.0	ENSG00000272994
awhole	3300	37	1.3063901549426e-06	0.00622709559200084	-0.0194940867901456	0.018	0.0	True	0.012	False	0.00432087363060663	False	3.8422240508377303	ENSG00000226380
chr7	1	1	0.00655647570083251	0.248620616929637	0.9934435242991669	0.004	0.003	True	0.0	False	1.60029146138996e-05	False	0.0	ENSG00000267197
chr2	33	1	0.00897585086372565	0.0586664658211825	0.228596726250621	0.022000000000000002	0.009000000000000001	True	0.0	False	3.52893563890788e-05	False	0.0	ENSG00000249740
chr19	4	1	0.34673053213217697	0.0949000871953771	0.35197356883296005	0.23600000000000002	0.133	True	0.0	False	2.7158794484449803e-05	False	0.0	ENSG00000278133
chr4	29	1	0.534622692688813	0.0238599051914608	0.0757991153726381	0.5820000000000001	0.231	True	0.005	False	0.0030223582065565	False	0.0	ENSG00000279192
chr6	1	1	0.173903362012872	0.20992698139491603	0.8260966379871278	0.161	0.081	True	0.0	False	3.17260556785826e-05	False	0.0	ENSG00000258634
chr1	1	1	0.0285129178149901	0.242875554232459	-0.97148708218501	0.022000000000000002	0.011000000000000001	False	0.0	False	8.63604956546915e-07	False	0.0	ENSG00000254812
