lncRNAId	lncRNAName	mark_name	pvalue	mm_pvalue	mp_pvalue	pm_pvalue	pp_pvalue	adj_pvalue	mm_adj_pvalue	mp_adj_pvalue	pm_adj_pvalue	pp_adj_pvalue
ENSG00000257219_ASO_G0257219_AD_10	RP11-54A9.1	H3K27ac	0.010371507962715099	0.07355283172422714	0.16958827577830857	0.34532831542477166	1.0	0.02044668712649548	0.15859829340536477	0.48756629286263714	0.46720889733939697	1.0
ENSG00000260032_ASO_G0260032_AD_01	LINC00657	H3K27ac	0.5819207594990632	0.03160325002079716	0.6308796030876841	0.1930920541577654	0.01729811372064497	0.6692088734239227	0.07519393970465532	1.0	0.3098453892299026	0.2387139693449006
ENSG00000268895_ASO_G0268895_01	A1BG-AS1	H3K27ac	4.9935076615500957e-11	4.089968090773046e-09	0.060255729662081675	6.4770484990900216e-24	0.23803251488407956	2.6504002203612047e-10	4.031539975190574e-08	0.2598528341677272	2.2345817321860574e-22	0.9661319721765582
ENSG00000271270_ASO_G0271270_09	TMCC1-AS1	H3K27ac	0.0005816311071302454	0.09877877030038056	1.0	1.4122791155738254e-06	0.646489429075618	0.001543559476614882	0.2065374288098866	1.0	7.495942998045688e-06	1.0
ENSG00000212978_ASO_G0212978_01	AC016747.3	H3K27ac	0.00018116214113379872	0.006613420394047809	0.20743479621315444	4.872204656997607e-06	1.0	0.0005208411557596713	0.02074209123587722	0.5505000361041407	2.2412141422188994e-05	1.0
ENSG00000257219_ASO_G0257219_AD_05	RP11-54A9.1	H3K27ac	0.00011506649548907348	0.030158954680414074	0.2579293912713814	0.0058657567723582014	0.18820737350068795	0.00036089037221573046	0.07519393970465532	0.61369406888708	0.016189488691708637	0.8172112452778817
ENSG00000240875_ASO_G0240875_10	LINC00886	H3K27ac	0.005743169632595959	0.03594127829632123	1.0	1.0	0.0011354547009391365	0.012008445595427915	0.07999832911116661	1.0	1.0	0.019586593591200106
ENSG00000214548_ASO_G0214548_01	MEG3	H3K27ac	9.12773292196544e-20	5.559513659444143e-08	8.00165396312444e-09	4.3106488023102114e-10	0.6930695937774995	8.997336737365933e-19	3.487331295469508e-07	1.8403804115186214e-07	3.3048307484378288e-09	1.0
ENSG00000256268_ASO_G0256268_AD_07	RP11-221N13.3	H3K27ac	0.0009252168444114025	0.0031325339356522344	0.40286037175441974	0.027695840817006503	0.5971037403114249	0.0022799986522995274	0.011376044292631799	0.8175695779722048	0.05790948534464996	1.0
ENSG00000229647_ASO_G0229647_06	AC007879.7	H3K27ac	1.176671970480712e-06	1.7143473373673825e-06	0.7879494030606513	7.462770351606657e-07	0.35535818766507077	5.07439787269807e-06	9.857497189862449e-06	1.0	4.681192311462358e-06	1.0
ENSG00000246430_ASO_G0246430_03	LINC00968	H3K27ac	1.4513655550561096e-21	9.669249759459701e-44	0.018455097394879563	0.02376416948156059	0.3558129432740109	1.669070388314526e-20	2.2239274446757314e-42	0.127340172024669	0.05741368268189972	1.0
ENSG00000229852_ASO_G0229852_05	RP11-398K22.12	H3K27ac	4.600763000780035e-05	0.7253741563100565	0.03634058240049054	9.050441474353043e-06	1.0	0.00015872632352691122	1.0	0.18784005571932735	3.90300288581475e-05	1.0
ENSG00000225733_ASO_G0225733_AD_03	FGD5-AS1	H3K27ac	9.652650843468091e-12	4.7636884702287717e-08	0.03156116030702917	1.7485917015145293e-11	0.039280965205056875	5.5502742349941526e-11	3.2869450444578523e-07	0.1868659616484836	2.4130565480900503e-10	0.33879832489361555
ENSG00000233117_ASO_G0233117_02	LINC00702	H3K27ac	1.5146120466447837e-13	8.771729078568339e-38	1.0916218391842806e-05	2.452046970652404e-07	0.8516911147902486	1.1612025690943341e-12	1.2104986128424307e-36	0.0001255365115061923	1.6919124097501585e-06	1.0
ENSG00000256268_ASO_G0256268_AD_06	RP11-221N13.3	H3K27ac	0.013046171628499867	0.4162079618725184	0.5064738933336987	0.0007345720879602842	0.7580256022456493	0.023689101114907653	0.6845707028132451	0.9707416288895893	0.002303885184966346	1.0
ENSG00000234608_ASO_G0234608_06	MAPKAPK5-AS1	H3K27ac	0.0042959979702530465	0.0017197223810361082	1.0	0.12881353727814135	1.0	0.009562059998305169	0.006592269127305082	1.0	0.21678375785833545	1.0
ENSG00000227053_ASO_G0227053_03	RP11-395B7.4	H3K27ac	4.15834723321073e-13	1.4855163972544348e-08	0.30433544545184976	1.6011053366640298e-10	0.7803822270406209	2.8692595909154037e-12	1.1388959045617333e-07	0.677391797941214	1.3809533528727258e-09	1.0
ENSG00000205181_ASO_G0205181_01	LINC00654	H3K27ac	0.005643118724127804	0.003398158262539546	0.7108121476657088	0.07493821385369381	1.0	0.012008445595427915	0.011723646005761434	1.0	0.1360720198922335	1.0
ENSG00000212978_ASO_G0212978_02	AC016747.3	H3K27ac	0.656411305328632	0.0070293207203855415	1.0	0.011521384903160868	0.6196486016672074	0.7076934385574314	0.021087962161156625	1.0	0.029443539196966663	1.0
ENSG00000229852_ASO_G0229852_03	RP11-398K22.12	H3K27ac	0.00016493496891960925	0.026747640568317743	0.08257385927117494	1.574219431726213e-05	0.18949825977458126	0.0004948049067588278	0.0709841230466894	0.29987348893216165	6.38947886994757e-05	0.8172112452778817
ENSG00000253161_ASO_C013368_02	RP11-150O12.1	H3K27ac	6.627810235074073e-13	0.0002270729691740973	0.486476550974954	2.132194779009635e-11	0.056959768680749104	4.15744460200101e-12	0.0009792521795632945	0.9590537719220521	2.4520239958610806e-10	0.3930224038971688
ENSG00000234456_ASO_G0234456_04	MAGI2-AS3	H3K27ac	0.00402923978225884	0.6851148553363573	0.18033643116199113	2.4438919559246645e-05	0.6103473474453497	0.009267251499195332	1.0	0.49772855000709554	9.368252497711214e-05	1.0
ENSG00000246430_ASO_G0246430_AD_03	LINC00968	H3K27ac	0.24767720089434897	1.0	1.0	0.042540042859400495	1.0	0.34179453723420156	1.0	1.0	0.08386465592281811	1.0
ENSG00000240875_ASO_G0240875_02	LINC00886	H3K27ac	0.0558576478468565	0.0001279645381646015	0.6660837833062891	0.2700037149162284	0.4769270769071193	0.09635444253582745	0.000630682366668393	1.0	0.3881303401920783	1.0
ENSG00000225733_ASO_G0225733_AD_06	FGD5-AS1	H3K27ac	2.2431033961086163e-05	0.004590232996392214	0.21629034685941687	2.392032306720667e-06	0.30376280126041416	8.598563018416363e-05	0.015082194131002988	0.5527419975296208	1.1789302083123286e-05	1.0
ENSG00000229852_ASO_G0229852_AD_01	RP11-398K22.12	H3K27ac	0.1579880824845651	1.0	1.0	0.035788024776324846	1.0	0.2535157602659301	1.0	1.0	0.07262863851665924	1.0
ENSG00000260032_ASO_G0260032_AD_06	LINC00657	H3K27ac	2.90043996399251e-06	0.7736640395443568	9.106118055882668e-06	0.0028959465068886386	0.1593520455841328	1.1772373971499012e-05	1.0	0.0001255365115061923	0.008325846207304836	0.7853779389503688
ENSG00000237187_ASO_G0237187_03	NR2F1-AS1	H3K27ac	0.011962083646076583	0.03344797745577485	1.0	1.0	1.0	0.022307669502142816	0.07693034814828216	1.0	1.0	1.0
ENSG00000230630_ASO_G0230630_AD_04	DNM3OS	H3K27ac	8.030265255816506e-29	6.761432319204303e-55	0.03811247507348671	0.0004900700375249927	0.024742986604480873	2.7704415132566945e-27	2.3326941501254845e-53	0.18784005571932735	0.0016102301232964044	0.28454434595153005
ENSG00000227036_ASO_G0227036_04	LINC00511	H3K27ac	0.0005412550181985109	0.00017054307756840596	0.032498428112779754	0.0009369641255511186	0.06745681157134797	0.00149386385022789	0.0007844981568146675	0.1868659616484836	0.0028108923766533562	0.42313818167481915
ENSG00000214548_ASO_G0214548_AD_09	MEG3	H3K27ac	8.58696245697931e-27	0.9174181390265274	6.948248628514839e-38	0.5065125175407745	5.909094387132126e-09	1.9750013651052414e-25	1.0	4.794291553675239e-36	0.6354429765511536	2.0386375635605834e-07
ENSG00000223485_ASO_G0223485_AD_06	RP11-417E7.1	H3K27ac	6.693359250460861e-05	1.0	0.009130298151550222	0.60337454958426	0.05228297156291156	0.00021992466108657115	1.0	0.07874882155712067	0.7434436414520346	0.3930224038971688
ENSG00000237187_ASO_G0237187_AD_08	NR2F1-AS1	H3K27ac	0.01191567747284912	0.14629258400100834	0.008740127328064286	1.0	0.095688448965123	0.022307669502142816	0.2968878910608698	0.07874882155712067	1.0	0.5262502234017455
ENSG00000246067_ASO_G0246067_AD_06	RAB30-AS1	H3K27ac	0.00919708822026888	0.031279023436085046	1.0	0.025137395063195067	0.7336477603561803	0.01866467903525155	0.07519393970465532	1.0	0.05741368268189972	1.0
ENSG00000233901_ASO_G0233901_05	RP11-65J3.1	H3K27ac	0.1547587358160597	0.012452164321422156	0.581643208133763	1.0	1.0	0.2535157602659301	0.03436797352712515	1.0	1.0	1.0
ENSG00000257219_ASO_G0257219_09	RP11-54A9.1	H3K27ac	0.19202415194412956	1.0	1.0	0.02662663544667813	1.0	0.2880362279161944	1.0	1.0	0.05741368268189972	1.0
ENSG00000233396_ASO_G0233396_07	RP11-458D21.1	H3K27ac	5.82228434536689e-26	0.41669521040806223	2.3969239285014688e-30	4.67312886974857e-11	0.03694909647111172	1.0043440495757884e-24	0.6845707028132451	8.269387553330067e-29	4.6063698858950186e-10	0.33879832489361555
ENSG00000204054_ASO_G0204054_06	LINC00963	H3K27ac	4.731135487288845e-09	9.105032239703194e-09	0.0791494721246484	0.00028106017689278413	0.5932353805353465	2.1763223241528688e-08	7.853090306744004e-08	0.29987348893216165	0.0009696576102801053	1.0
ENSG00000225733_ASO_G0225733_04	FGD5-AS1	H3K27ac	3.209031252322083e-05	0.24443381830797634	0.3744588064109352	0.006521606675649703	0.00013193096197013394	0.00011653850337380197	0.48188381323572477	0.7891664826647848	0.017307340793070364	0.003034412125313081
ENSG00000268895_ASO_G0268895_03	A1BG-AS1	H3K27ac	3.6812024943838086e-31	5.80632281008608e-41	0.9408813917405399	6.221840776794418e-13	0.665665485350577	2.540029721124828e-29	1.001590684739849e-39	1.0	1.4310233786627161e-11	1.0
ENSG00000223485_ASO_G0223485_01	RP11-417E7.1	H3K27ac	2.3848069818926627e-18	4.4655990817152437e-64	2.389842474765237e-08	4.2845040351832196e-47	3.0117905937055777e-17	2.0568960218824216e-17	3.0812633663835182e-62	4.122478268970034e-07	2.956307784276422e-45	2.0781355096568486e-15
ENSG00000229847_ASO_G0229847_AD_02	EMX2OS	H3K27ac	0.047047716872507084	1.0	1.0	0.026099333192668613	1.0	0.08323826831289716	1.0	1.0	0.05741368268189972	1.0
ENSG00000223485_ASO_G0223485_AD_04	RP11-417E7.1	H3K27ac	2.7526497324282563e-23	1.6348259036280667e-22	0.05238428489363421	1.2885884971689076e-06	1.0	3.7986566307509935e-22	1.8800497891722767e-21	0.2409677105107174	7.409383858721219e-06	1.0
ENSG00000237187_ASO_G0237187_AD_01	NR2F1-AS1	H3K27ac	0.22874187755187667	0.5275958963126113	1.0	0.024617502249986767	1.0	0.32388763480515564	0.8089803743460039	1.0	0.05741368268189972	1.0
ENSG00000240875_ASO_G0240875_03	LINC00886	H3K27ac	0.0015674216897275024	0.010988887096049376	0.1113269785275723	0.36268237162169636	0.3443543336947854	0.0037293826410757817	0.03159305040114196	0.38407807592012444	0.4812516084980202	1.0
ENSG00000212978_ASO_G0212978_03	AC016747.3	H3K27ac	3.8936379329524397e-10	3.107968229019902e-05	0.013468993056133603	2.50406436222771e-12	0.41576864896701987	1.919007266955131e-09	0.0001649613906172102	0.10326228009702429	4.3195110248428e-11	1.0
ENSG00000227053_ASO_G0227053_04	RP11-395B7.4	H3K27ac	0.0007305752654455048	0.0008254540888505886	0.7739096782509733	0.00021094342943420486	0.27111057086113843	0.0018670256783607344	0.003350372478275918	1.0	0.0007660577174189545	1.0
ENSG00000268895_ASO_G0268895_01	A1BG-AS1	H3K36me3	0.0016550742826599426	0.5825087845380981	0.5663511145684842	3.572765149065539e-08	0.06949318405834665	0.01016688487919679	1.0	1.0	7.681445070490908e-07	0.9001801931793422
ENSG00000212978_ASO_G0212978_01	AC016747.3	H3K36me3	0.008703982263619662	0.014662503108875867	0.25034325719313544	0.13213763959869723	1.0	0.03432101059748477	0.15762190842041557	1.0	0.22727674010975923	1.0
ENSG00000257219_ASO_G0257219_AD_05	RP11-54A9.1	H3K36me3	0.0006195345472881532	0.2983740022193766	0.2772533317998462	0.0003487472948159368	0.6017476556869563	0.010098031549566134	1.0	1.0	0.002499355612847547	1.0
ENSG00000214548_ASO_G0214548_01	MEG3	H3K36me3	0.19480866086415632	1.0	0.6142459292930844	0.00012787195149669786	0.29539079076920527	0.31025083026513783	1.0	1.0	0.0010996987828716016	1.0
ENSG00000256268_ASO_G0256268_AD_07	RP11-221N13.3	H3K36me3	0.0009393517720526636	1.0	0.013171870200594314	0.025883439248778346	0.08373769238877601	0.010098031549566134	1.0	0.28319520931277775	0.0681949224707782	0.9001801931793422
ENSG00000229647_ASO_G0229647_06	AC007879.7	H3K36me3	0.0015942023586175504	0.37365144496128755	1.0	0.0008451839265589241	0.4330373058134587	0.01016688487919679	1.0	1.0	0.004384608660846692	1.0
ENSG00000253161_ASO_C013368_01	RP11-150O12.1	H3K36me3	0.04358826392531776	1.0	0.008815439520990708	0.44974533502878206	0.23050154155369737	0.11025266757580375	1.0	0.28319520931277775	0.5785734267227248	1.0
ENSG00000256268_ASO_G0256268_AD_06	RP11-221N13.3	H3K36me3	0.29350184217846065	0.03677411488259189	1.0	1.0	1.0	0.4071154585056067	0.3162573879902903	1.0	1.0	1.0
ENSG00000234608_ASO_G0234608_06	MAPKAPK5-AS1	H3K36me3	0.0014179896454984279	4.059909188760914e-05	0.6307357060158744	0.028546711731953667	0.7895019911855226	0.01016688487919679	0.0017457609511671928	1.0	0.0681949224707782	1.0
ENSG00000267577_ASO_G0267577_01	CTD-2587H24.5	H3K36me3	7.022800668939172e-05	0.0015917131485871344	0.1041967209857151	1.9288299193623365e-14	0.001086515143186812	0.003019804287643844	0.022814555129748927	1.0	8.293968653258048e-13	0.023360075578516458
ENSG00000227053_ASO_G0227053_03	RP11-395B7.4	H3K36me3	0.030858274546826964	0.20478220855081938	1.0	0.015526759972653653	0.6646105809070871	0.0884603870342373	0.9888438745203294	1.0	0.05135774452493132	1.0
ENSG00000205181_ASO_G0205181_01	LINC00654	H3K36me3	0.06217644810875343	1.0	0.12183837417389538	0.01704789422977266	1.0	0.13484769476129588	1.0	1.0	0.05236138942001602	1.0
ENSG00000212978_ASO_G0212978_02	AC016747.3	H3K36me3	0.005302510294738637	0.7284768686067209	1.0	3.066236346276869e-07	0.3615358940662729	0.028500992834220175	1.0	1.0	4.394938762996846e-06	1.0
ENSG00000253161_ASO_C013368_02	RP11-150O12.1	H3K36me3	0.2528406573998069	0.5910559872893139	1.0	0.0005376301628219332	0.4266755180844499	0.3749016644204033	1.0	1.0	0.003302585285906161	1.0
ENSG00000270069_ASO_G0270069_05	RP6-99M1.2	H3K36me3	0.027420188367859363	1.0	1.0	0.021822503211281423	1.0	0.0842191499869966	1.0	1.0	0.06255784253900674	1.0
ENSG00000214548_ASO_G0214548_AD_09	MEG3	H3K36me3	0.06962957904136226	0.5878616118697265	0.4090742470536651	0.2607368929631393	9.847732996109003e-05	0.14257485232278938	1.0	1.0	0.4108571368058725	0.004234525188326871
ENSG00000234456_ASO_G0234456_01	MAGI2-AS3	H3K36me3	0.02036351514548144	1.0	1.0	0.012553126494985157	1.0	0.06735624240428477	1.0	1.0	0.044982036607030144	1.0
ENSG00000257219_ASO_G0257219_09	RP11-54A9.1	H3K36me3	0.006815498309133075	1.0	1.0	0.003635647640401841	1.0	0.032562936365858025	1.0	1.0	0.015633284853727916	1.0
ENSG00000233396_ASO_G0233396_07	RP11-458D21.1	H3K36me3	0.0007464851509216599	0.000176975593698715	1.0	0.07020928266426829	1.0	0.010098031549566134	0.0038049752645223727	1.0	0.13722723429834258	1.0
ENSG00000234608_ASO_G0234608_AD_04	MAPKAPK5-AS1	H3K36me3	0.2870731993883171	0.41597066313086706	1.0	0.0324864254481644	0.6350982306661956	0.4071154585056067	1.0	1.0	0.07284824596428563	1.0
ENSG00000268895_ASO_G0268895_03	A1BG-AS1	H3K36me3	0.009945115954017794	0.8775661016827262	0.8539230572556299	0.005137897009861281	0.19193427965650994	0.0356366655018971	1.0	1.0	0.020084506493094095	1.0
ENSG00000223485_ASO_G0223485_01	RP11-417E7.1	H3K36me3	0.06271985802850971	0.4980933248114886	1.0	0.0009177087894795404	0.6271173439525556	0.13484769476129588	1.0	1.0	0.004384608660846692	1.0
ENSG00000237187_ASO_G0237187_AD_01	NR2F1-AS1	H3K36me3	0.035150429910965925	1.0	1.0	0.027819408383374468	1.0	0.09446678038572093	1.0	1.0	0.0681949224707782	1.0
ENSG00000267577_ASO_G0267577_03	CTD-2587H24.5	H3K36me3	0.008779793408658894	0.43259086622808596	0.1909622695568644	1.9451105437938774e-06	0.8256484554988288	0.03432101059748477	1.0	1.0	2.0909938345784184e-05	1.0
ENSG00000212978_ASO_G0212978_03	AC016747.3	H3K36me3	0.05794330290719661	0.20696732257402245	0.4326445548960709	0.03388290509966774	0.512119858663624	0.13484769476129588	0.9888438745203294	1.0	0.07284824596428563	1.0
ENSG00000260032_ASO_G0260032_AD_01	LINC00657	H3K4me1	0.24681452423495398	1.0	0.573171205772874	0.02792808906567974	0.7291546502218129	0.35572465224243865	1.0	1.0	0.07373015513339451	1.0
ENSG00000268895_ASO_G0268895_01	A1BG-AS1	H3K4me1	0.21930628492728238	0.6235376157195797	0.6055943967663034	0.01590826454688538	1.0	0.3446241620285866	0.9145218363887169	1.0	0.04564980261280152	1.0
ENSG00000271270_ASO_G0271270_09	TMCC1-AS1	H3K4me1	0.0035250125973863393	2.660495406185844e-05	0.6378790609046813	1.0	1.0	0.010575037792159018	0.00021949087101033214	1.0	1.0	1.0
ENSG00000212978_ASO_G0212978_01	AC016747.3	H3K4me1	0.05217547171254612	0.007453196094980771	1.0	0.16192936459229051	1.0	0.11478603776760146	0.03783930325144084	1.0	0.2740343093100301	1.0
ENSG00000229847_ASO_G0229847_03	EMX2OS	H3K4me1	0.25821373734523295	1.0	1.0	0.03612577814677888	1.0	0.36259801414436965	1.0	1.0	0.08969435450968154	1.0
ENSG00000257219_ASO_G0257219_AD_05	RP11-54A9.1	H3K4me1	0.11675314668749338	0.3321441298588558	0.7720800905409075	0.001749152702245116	0.20837807663148328	0.20826236976688012	0.6263289305909852	1.0	0.006790828138128097	0.8795025962288364
ENSG00000214548_ASO_G0214548_01	MEG3	H3K4me1	0.00019031277458124863	0.027698544798608893	0.8057211406931346	2.28082925452088e-13	0.8185133083837444	0.000837376208157494	0.10753552686518747	1.0	3.7633682699594515e-12	1.0
ENSG00000234608_ASO_G0234608_AD_01	MAPKAPK5-AS1	H3K4me1	0.17214420914684064	0.045425768910397346	0.6528772319129765	0.5252183440992926	0.47204748816085096	0.2771101903339386	0.1459953449182816	1.0	0.5884368579291527	1.0
ENSG00000256268_ASO_G0256268_AD_07	RP11-221N13.3	H3K4me1	0.003344080607469276	0.8034080679901263	0.1937707767679912	0.0013962829665888493	0.01840082393330674	0.010575037792159018	1.0	1.0	0.005759667237179003	0.15180679744978062
ENSG00000229647_ASO_G0229647_06	AC007879.7	H3K4me1	2.8198434777880995e-05	0.021437877731385464	0.6247928029784271	3.0829650138536116e-09	0.2972724121211232	0.00016919060866728598	0.08843124564196503	1.0	4.069513818286767e-08	0.9809989599997065
ENSG00000246430_ASO_G0246430_03	LINC00968	H3K4me1	0.00010334404589739537	0.0025930881303200806	0.4037438225757337	0.0005513948504184485	0.862337350605639	0.0005246697714790842	0.015558528781920484	1.0	0.0024261373418411735	1.0
ENSG00000225733_ASO_G0225733_AD_03	FGD5-AS1	H3K4me1	0.00037541158693001184	0.5560341267014434	0.10444294738985291	0.00024188027616085125	0.6550420907245637	0.0015485727960862987	0.8534477293557038	1.0	0.0012280075558935525	1.0
ENSG00000233117_ASO_G0233117_02	LINC00702	H3K4me1	1.3802220925066218e-11	2.0067330222414503e-05	1.0	7.346456303007719e-48	8.441553702549398e-09	2.277366452635926e-10	0.0001892062563827653	1.0	2.4243305799925473e-46	1.8571418145608673e-07
ENSG00000256268_ASO_G0256268_AD_06	RP11-221N13.3	H3K4me1	0.008965312563732168	0.04866511497276053	1.0	0.007831814981201179	0.5721042458567673	0.024275045919414328	0.1459953449182816	1.0	0.027205252039961988	1.0
ENSG00000223478_ASO_G0223478_03	RP11-545E17.3	H3K4me1	0.4118115153843247	0.18474421614478845	0.014242199422494967	0.05506443266398679	0.8886723259330314	0.5154774273150425	0.42045235398469094	0.39117920973624765	0.1253190536490734	1.0
ENSG00000234608_ASO_G0234608_06	MAPKAPK5-AS1	H3K4me1	5.170349211942318e-43	5.6979523144685945e-80	0.8046216807041844	1.9372765431276087e-07	0.0495905802256588	1.7062152399409648e-41	1.8803242637746362e-78	1.0	1.4206694649602465e-06	0.36366425498816457
ENSG00000250786_ASO_G0250786_AD_10	SNHG18	H3K4me1	0.056266216854490236	0.01995482470631243	1.0	1.0	0.17027486798793737	0.11979259072246308	0.08780122870777471	1.0	1.0	0.8344674890442004
ENSG00000205181_ASO_G0205181_01	LINC00654	H3K4me1	0.0019738421139940663	0.26837182275819804	1.0	0.012015289198802914	0.0893648042689174	0.00723742108464491	0.5209570677070904	1.0	0.03776233748195201	0.5361888256135044
ENSG00000229847_ASO_G0229847_AD_04	EMX2OS	H3K4me1	0.009195093151293306	0.47811982977152656	0.04147221608214105	0.505044518934674	0.06562494737234097	0.024275045919414328	0.7696563113395306	0.6842915653553273	0.5884368579291527	0.43312465265745037
ENSG00000212978_ASO_G0212978_02	AC016747.3	H3K4me1	0.42956452276253543	0.44058749876640446	0.7400325104743986	0.043378034198970544	1.0	0.5154774273150425	0.7269693729645673	1.0	0.10224822346900199	1.0
ENSG00000253161_ASO_C013368_02	RP11-150O12.1	H3K4me1	3.733531240904693e-08	0.3431999300841276	0.07331073092328233	8.478144776697545e-08	0.0008457199420753359	3.520186598567282e-07	0.6291998718209006	0.9677016481873267	7.993679360886257e-07	0.013954379044243043
ENSG00000180769_ASO_G0180769_08	WDFY3-AS2	H3K4me1	0.0043429960311967206	0.16745451639108394	1.0	0.015674418721370036	1.0	0.01246251035039059	0.4169206567692459	1.0	0.04564980261280152	1.0
ENSG00000254682_ASO_G0254682_06	RP11-660L16.2	H3K4me1	0.15524041599967334	0.04807653854851388	0.629497023194951	0.26543355492447207	1.0	0.256146686399461	0.1459953449182816	1.0	0.3893025472225591	1.0
ENSG00000240875_ASO_G0240875_02	LINC00886	H3K4me1	0.020656530631768286	0.03890948036308378	0.5756295032585056	0.1968846649762215	0.23621416184861607	0.05049374154432248	0.14266809466464053	1.0	0.3093901878197767	0.8795025962288364
ENSG00000233396_ASO_G0233396_02	RP11-458D21.1	H3K4me1	0.014599917286489511	0.12007337888455992	1.0	0.09383621199893996	1.0	0.037061328496473374	0.34455839158178064	1.0	0.19353718724781366	1.0
ENSG00000230630_ASO_G0230630_AD_04	DNM3OS	H3K4me1	6.720373037614675e-08	0.6231647970589609	0.2015054058057946	5.792458707869018e-14	0.14587645801981364	5.026153430281998e-07	0.9145218363887169	1.0	1.274340915731184e-12	0.802320519108975
ENSG00000214548_ASO_G0214548_AD_09	MEG3	H3K4me1	4.965835534886134e-10	0.0007840918503968662	1.3406331678132175e-12	0.25336851173708536	1.8318196021848876e-13	5.462419088374747e-09	0.0051750062126193165	8.848178907567235e-11	0.38005276760562806	6.045004687210129e-12
ENSG00000234456_ASO_G0234456_01	MAGI2-AS3	H3K4me1	0.025293271327578574	1.0	1.0	0.007535686536334294	1.0	0.05961985384357807	1.0	1.0	0.027205252039961988	1.0
ENSG00000233396_ASO_G0233396_07	RP11-458D21.1	H3K4me1	8.015376464560025e-130	3.166702698536099e-187	0.017780873169829438	7.499528381227083e-05	0.476105408368224	5.290148466609616e-128	2.0900237810338254e-185	0.39117920973624765	0.00041247406096748954	1.0
ENSG00000251580_ASO_G0251580_AD_05	RP11-539L10.3	H3K4me1	6.716845314408662e-05	6.555680081194429e-06	0.56256326369941	0.12617799473842797	0.01589179169517996	0.0003694264922924764	8.653497707176645e-05	1.0	0.22648723893503	0.15054616616392077
ENSG00000204054_ASO_G0204054_06	LINC00963	H3K4me1	0.00016757028573216896	0.012499051018222566	0.732177186216329	3.7465286840226506e-05	0.842153716862373	0.0007899742041659394	0.05892409765733495	1.0	0.0002472708931454949	1.0
ENSG00000234608_ASO_G0234608_AD_04	MAPKAPK5-AS1	H3K4me1	2.5822079252555125e-05	0.0065864917557543244	0.13786237328661008	7.997293180400918e-09	0.26510524985539874	0.00016919060866728598	0.03622570465664878	1.0	8.797022498441009e-08	0.9208919205503324
ENSG00000268895_ASO_G0268895_03	A1BG-AS1	H3K4me1	0.000715853713162894	0.04459300561603741	0.4894441766241422	0.00029229888387909863	1.0	0.002779196768750059	0.1459953449182816	1.0	0.0013779804525728934	1.0
ENSG00000223485_ASO_G0223485_01	RP11-417E7.1	H3K4me1	1.435975912688479e-13	0.0005725404796261388	0.14410553954937497	6.58531281161847e-59	1.3034967280028405e-14	3.159147007914654e-12	0.0041986301839250185	1.0	4.34630645566819e-57	8.603078404818747e-13
ENSG00000229847_ASO_G0229847_AD_02	EMX2OS	H3K4me1	0.06273082134283377	0.36860661883533435	1.0	0.026536811823578425	1.0	0.12938231901959465	0.6402114958718964	1.0	0.07297623251484067	1.0
ENSG00000223485_ASO_G0223485_AD_04	RP11-417E7.1	H3K4me1	6.650034382391824e-11	1.4726404115853839e-06	0.4042053240642992	1.4773570890247974e-07	0.3286141307434949	8.778045384757208e-10	2.4298566791158834e-05	1.0	1.2188195984454578e-06	1.0
ENSG00000237187_ASO_G0237187_AD_01	NR2F1-AS1	H3K4me1	0.035814495208851715	1.0	1.0	0.008427195738768463	1.0	0.08150885116497288	1.0	1.0	0.027809745937935927	1.0
ENSG00000240875_ASO_G0240875_03	LINC00886	H3K4me1	0.0031906537285603374	0.1454381537530928	0.26982237238694007	0.036693145026687905	0.009905220314300026	0.010575037792159018	0.383956725908165	1.0	0.08969435450968154	0.13074890814876033
ENSG00000254682_ASO_G0254682_02	RP11-660L16.2	H3K4me1	0.0034598956562436503	8.127383949484043e-06	0.20331197112535918	0.5067193300708532	0.015967017623446142	0.010575037792159018	8.940122344432448e-05	1.0	0.5884368579291527	0.15054616616392077
ENSG00000212978_ASO_G0212978_03	AC016747.3	H3K4me1	6.853845586748178e-08	3.108630395213087e-08	0.37973942682272754	7.12785389215315e-05	0.660154959928364	5.026153430281998e-07	6.838986869468791e-07	1.0	0.00041247406096748954	1.0
ENSG00000245937_ASO_G0245937_01	CTC-228N24.3	H3K4me2	0.0032087223680971524	0.004513601219711086	1.0	0.1268879409249529	1.0	0.010132807478201535	0.01593035724603913	1.0	0.2625267743274888	1.0
ENSG00000260032_ASO_G0260032_AD_01	LINC00657	H3K4me2	0.015353583514016294	0.0019053437255376858	0.6921166174359958	0.17974189918704114	0.5365102871726473	0.036848600433639106	0.007145038970766322	1.0	0.347887546813628	1.0
ENSG00000234546_ASO_G0234546_07	RP3-510D11.2	H3K4me2	0.11902482295802402	0.5991918719793927	0.00010937057934026885	1.0	1.0	0.22317154304629505	0.9079659359194895	0.0032811173802080656	1.0	1.0
ENSG00000256268_ASO_G0256268_AD_03	RP11-221N13.3	H3K4me2	0.031710106312796596	1.0	1.0	0.012854632088031972	1.0	0.07046690291732577	1.0	1.0	0.04300854557892289	1.0
ENSG00000212978_ASO_G0212978_01	AC016747.3	H3K4me2	0.0016913957724875746	1.0859022739369444e-06	0.3574486522340957	0.09454335419319104	0.5336530965184104	0.0056379859082919155	6.515413643621666e-06	1.0	0.21009634265153565	1.0
ENSG00000269834_ASO_G0269834_02	CTD-3018O17.3	H3K4me2	0.2764931679568349	0.8047952228696529	0.6253437322562521	0.037151048646621755	0.4796884029564755	0.39499023993833554	1.0	1.0	0.11145314593986527	1.0
ENSG00000256268_ASO_G0256268_AD_07	RP11-221N13.3	H3K4me2	3.271792299728466e-05	0.05188808626579787	0.6694736733629301	0.007431584353910505	0.0029234892789167244	0.00014021966998836282	0.12972021566449465	1.0	0.02972633741564202	0.029234892789167244
ENSG00000246067_ASO_G0246067_AD_09	RAB30-AS1	H3K4me2	0.07426112101653416	0.013881153931887994	0.7785621893871906	0.9094417847004572	0.1472588587664051	0.14373120196748546	0.041643461795663986	1.0	1.0	0.7230775848675484
ENSG00000225733_ASO_G0225733_AD_03	FGD5-AS1	H3K4me2	4.943679313776456e-20	1.1758427717089655e-15	0.0940409596293205	1.1568042310732154e-16	0.1467476092014738	9.887358627552912e-19	1.763764157563448e-14	0.6269397308621367	2.3136084621464306e-15	0.7230775848675484
ENSG00000233117_ASO_G0233117_02	LINC00702	H3K4me2	6.097619652599796e-14	8.140335815949177e-21	0.48706360499920703	1.599996361420279e-53	8.971136168674607e-11	6.097619652599795e-13	1.6280671631898352e-19	1.0	9.599978168521674e-52	2.691340850602382e-09
ENSG00000256268_ASO_G0256268_AD_06	RP11-221N13.3	H3K4me2	0.00851252327081758	0.16668806639174905	0.2546221473546697	0.00275669656175648	0.183763251285381	0.022206582445611075	0.3333761327834981	1.0	0.012723214900414524	0.7230775848675484
ENSG00000223478_ASO_G0223478_03	RP11-545E17.3	H3K4me2	0.007515214027699092	1.3691860279455194e-06	0.016111382702389182	0.05626101134226094	0.26146202037997396	0.02049603825736116	7.4682874251573785e-06	0.24167074053583773	0.15343912184252986	0.825669538042023
ENSG00000203721_ASO_G0203721_02	LINC00862	H3K4me2	0.015252132099095464	1.0	1.0	0.004235360990318705	1.0	0.036848600433639106	1.0	1.0	0.018151547101365878	1.0
ENSG00000212978_ASO_G0212978_02	AC016747.3	H3K4me2	0.031610108839998374	0.24283172612635792	0.6687034819599149	0.012902563673676867	0.15700216976971454	0.07046690291732577	0.4415122293206507	1.0	0.04300854557892289	0.7230775848675484
ENSG00000253161_ASO_C013368_02	RP11-150O12.1	H3K4me2	2.738376900079934e-19	9.564213225956832e-10	0.25415558161598084	1.627479547580193e-11	2.2695500785926405e-05	3.2860522800959206e-18	7.173159919467624e-09	1.0	1.952975457096232e-10	0.0003404325117888961
ENSG00000234456_ASO_G0234456_04	MAGI2-AS3	H3K4me2	0.007509582216872972	1.0	0.4402356325885442	0.0012063381047844987	0.5102041336233382	0.02049603825736116	1.0	1.0	0.007238028628706992	1.0
ENSG00000254682_ASO_G0254682_06	RP11-660L16.2	H3K4me2	0.058454022903010654	0.021917911679444957	1.0	0.4015934189858591	1.0	0.11690804580602131	0.057177160902899885	1.0	0.730169852701562	1.0
ENSG00000226950_ASO_G0226950_05	DANCR	H3K4me2	0.31140078593411	1.0	1.0	0.04826710144934319	1.0	0.4246374353646955	1.0	1.0	0.13790600414098053	1.0
ENSG00000240875_ASO_G0240875_02	LINC00886	H3K4me2	2.676613462107318e-05	1.7821136099047106e-05	0.5466127297590004	1.898009748160431e-08	0.5624367720443844	0.00012353600594341467	8.22513973802174e-05	1.0	1.6268654984232263e-07	1.0
ENSG00000225733_ASO_G0225733_AD_06	FGD5-AS1	H3K4me2	3.4647553261450296e-06	0.015409269768141914	0.42099853528641284	7.507945684337523e-09	0.7560689974736352	2.078853195687018e-05	0.04402648505183404	1.0	7.507945684337523e-08	1.0
ENSG00000269834_ASO_G0269834_AD_02	CTD-3018O17.3	H3K4me2	0.25448840796615285	0.7968433928127356	0.027691240580323333	0.7256517432305002	0.22494202016483805	0.39152062764023515	1.0	0.33229488696388004	1.0	0.7498067338827935
ENSG00000270069_ASO_G0270069_05	RP6-99M1.2	H3K4me2	0.05109772310026295	1.0	1.0	0.018268010916635838	1.0	0.1057194271039923	1.0	1.0	0.057688455526218436	1.0
ENSG00000230630_ASO_G0230630_AD_04	DNM3OS	H3K4me2	1.3181536526527686e-19	0.011011604291269992	0.5361332785022093	1.451187452721891e-45	0.17898783287350084	1.977230478979153e-18	0.036705347637566645	1.0	4.3535623581656733e-44	0.7230775848675484
ENSG00000227036_ASO_G0227036_04	LINC00511	H3K4me2	8.080046235881731e-06	3.5966413303502796e-13	0.4405087001038879	0.008546606264182285	0.0004653144226435844	4.040023117940866e-05	3.5966413303502796e-12	1.0	0.032049773490683574	0.005583773071723013
ENSG00000237187_ASO_G0237187_AD_08	NR2F1-AS1	H3K4me2	5.219646883697247e-05	1.0	0.00033377137285650437	1.0	0.029969004672866888	0.0002087858753478899	1.0	0.006675427457130087	1.0	0.22476753504650165
ENSG00000225439_ASO_G0225439_06	BOLA3-AS1	H3K4me2	0.5746484929679643	0.012510628793945624	0.8011001154852571	0.7591929512968831	0.11651450174137876	0.6384983255199603	0.03950724882298618	1.0	1.0	0.6990870104482726
ENSG00000246067_ASO_G0246067_AD_06	RAB30-AS1	H3K4me2	1.246610882809633e-52	1.624338562676512e-56	1.255080664385341e-18	4.547536080329914e-12	5.0707268003630487e-20	7.479665296857798e-51	9.746031376059072e-55	7.530483986312046e-17	6.821304120494871e-11	3.0424360802178293e-18
ENSG00000251580_ASO_G0251580_AD_05	RP11-539L10.3	H3K4me2	0.0002987721636414901	5.057416224063388e-05	1.0	1.0	1.0	0.0011203956136555879	0.00021674640960271663	1.0	1.0	1.0
ENSG00000204054_ASO_G0204054_06	LINC00963	H3K4me2	1.67501081357565e-07	2.6705764647504283e-08	0.8983256909605065	4.702473793401452e-05	0.30892704781247016	1.1166738757171e-06	1.780384309833619e-07	1.0	0.00035268553450510894	0.9152394568684381
ENSG00000231312_ASO_G0231312_02	AC007246.3	H3K4me2	0.005300395914773862	8.547030261656743e-05	0.6918334613763986	1.0	0.5417184719061067	0.015901187744321588	0.0003418812104662697	1.0	1.0	1.0
ENSG00000225733_ASO_G0225733_04	FGD5-AS1	H3K4me2	0.0004919292608066814	0.02122785014392312	0.7172444362666633	0.10785883887615519	0.01093978641332103	0.0017362209204941695	0.057177160902899885	1.0	0.23112608330604684	0.09376959782846597
ENSG00000240875_ASO_G0240875_03	LINC00886	H3K4me2	7.420206435984089e-13	1.6152045501523164e-06	0.270341450318392	0.0019854304222319177	5.448157600946495e-08	6.3601769451292196e-12	8.076022750761582e-06	1.0	0.009977080588114647	1.089631520189299e-06
ENSG00000254682_ASO_G0254682_02	RP11-660L16.2	H3K4me2	5.762538149085745e-06	5.395888610075583e-14	0.07066710108653992	0.07015183143163692	0.19282068929801288	3.143202626774043e-05	6.4750663320907e-13	0.5429646083937248	0.17537957857909228	0.7230775848675484
ENSG00000212978_ASO_G0212978_03	AC016747.3	H3K4me2	2.3188868575635323e-11	1.8413384332135314e-11	0.17800802259885704	0.00020211767829960618	0.3506963826500988	1.7391651431726491e-10	1.5782900856115983e-10	0.9086402690149309	0.0013474511886640414	0.9152394568684381
ENSG00000246273_ASO_G0246273_02	SBF2-AS1	H3K4me2	2.3403363401330716e-20	6.004853476850399e-29	0.9402786051714116	0.0019954161176229295	0.7611029658013008	7.021009020399215e-19	1.8014560430551195e-27	1.0	0.009977080588114647	1.0
ENSG00000242147_ASO_G0242147_07	RP13-463N16.6	H3K4me3	5.004451261461891e-66	1.1042033436463763e-26	4.0550187125101064e-24	0.028618864995873565	7.183859506697949e-41	1.8516469667408995e-64	2.723701580994395e-25	1.5003569236287393e-22	0.08471184038778576	5.3160560349564824e-39
ENSG00000245937_ASO_G0245937_01	CTC-228N24.3	H3K4me3	0.0964823155615793	0.038266576595613125	1.0	1.0	1.0	0.16603933375713648	0.10675170941749779	1.0	1.0	1.0
ENSG00000212978_ASO_G0212978_01	AC016747.3	H3K4me3	0.027320669497499304	0.011047402120156704	1.0	0.30398866552275094	1.0	0.05464133899499861	0.035543815517025915	1.0	0.49748057563165204	1.0
ENSG00000257219_ASO_G0257219_AD_05	RP11-54A9.1	H3K4me3	0.00555291544286602	0.49186007990280417	0.4909524346546702	0.003708954678212033	0.000761781870895954	0.014169508371451225	0.887747461287988	1.0	0.015247924788205023	0.007046482305787574
ENSG00000253352_ASO_G0253352_AD_07	TUG1	H3K4me3	0.0049653766951537	0.021078821863620888	0.013458966115045429	0.5581495591210566	1.0	0.013122781265763349	0.06239331271631783	0.12449543656417021	0.7648716180547812	1.0
ENSG00000214548_ASO_G0214548_01	MEG3	H3K4me3	0.021521882069062893	1.0	1.0	4.982632462257101e-07	0.6698888150960977	0.046841743326783945	1.0	1.0	3.6871480220702543e-06	1.0
ENSG00000241990_ASO_G0241990_01	RP6-109B7.3	H3K4me3	0.0023059176174482364	1.0	1.0	0.0004857611199992395	1.0	0.00682551614764678	1.0	1.0	0.002246645179996483	1.0
ENSG00000228630_ASO_G0228630_POS_06	HOTAIR	H3K4me3	0.02623743197561161	1.0	1.0	0.019262198331692685	1.0	0.05393249906097942	1.0	1.0	0.06197402941501125	1.0
ENSG00000234608_ASO_G0234608_AD_01	MAPKAPK5-AS1	H3K4me3	0.0001615711711895525	0.23049099965363146	0.0033113710811273163	9.177491978567681e-07	0.1044799437066535	0.0005434666667284947	0.49009005396912986	0.04084024333390356	6.173949149218257e-06	0.4089333556887578
ENSG00000250742_ASO_G0250742_AD_05	RP11-834C11.4	H3K4me3	0.0020646937370956643	1.0	1.0	0.0020646937370956643	1.0	0.006366139022711631	1.0	1.0	0.008987490385004656	1.0
ENSG00000256268_ASO_G0256268_AD_07	RP11-221N13.3	H3K4me3	2.233046766569006e-08	8.599608031269348e-06	4.894477024759859e-08	0.0004414592390422173	0.001132175272974347	1.2711189286623573e-07	4.545507102242369e-05	9.054782495805739e-07	0.0021778655792749385	0.009308996688900185
ENSG00000229647_ASO_G0229647_06	AC007879.7	H3K4me3	7.525966024230321e-08	3.2233596950079977e-12	0.8449767098425017	0.02374122709306469	1.0	3.9780106128074554e-07	2.9816077178823973e-11	1.0	0.07320211687028279	1.0
ENSG00000253161_ASO_C013368_01	RP11-150O12.1	H3K4me3	0.01588593853964764	0.014675967633989411	1.0	0.14684599361561726	0.09860868042885511	0.03562301369496744	0.04525090020480068	1.0	0.31960598610457874	0.4089333556887578
ENSG00000246067_ASO_G0246067_AD_09	RAB30-AS1	H3K4me3	3.645747272534612e-05	5.925084743157345e-07	0.8542713675560525	0.2929449556292619	0.5139626559765919	0.00013489264908378063	3.985966099942214e-06	1.0	0.49748057563165204	1.0
ENSG00000225733_ASO_G0225733_AD_03	FGD5-AS1	H3K4me3	8.631855247423729e-24	1.6540492694749146e-25	0.05601068885487294	1.6589258264130988e-07	0.8870928477717961	1.2775145766187118e-22	3.059991148528592e-24	0.4605323305845108	1.5345063894321163e-06	1.0
ENSG00000233117_ASO_G0233117_02	LINC00702	H3K4me3	1.549409039136489e-06	1.0	0.752993954877726	2.45977740684233e-07	0.06917342511948149	7.166016806006261e-06	1.0	1.0	2.022483645625916e-06	0.34125556392277534
ENSG00000256268_ASO_G0256268_AD_06	RP11-221N13.3	H3K4me3	0.00467658349384759	0.0008331851112703653	0.6628355822509684	1.6556989371327035e-06	1.0	0.012817302909063766	0.003245036749158265	1.0	1.021014344565167e-05	1.0
ENSG00000223478_ASO_G0223478_03	RP11-545E17.3	H3K4me3	1.3777546471529837e-09	2.435942819203219e-06	0.0015563338704239794	0.008473420739374725	4.934810477398113e-12	9.268531262665525e-09	1.386613604777217e-05	0.023033741282274894	0.03135165673568648	1.8258798766373016e-10
ENSG00000234608_ASO_G0234608_06	MAPKAPK5-AS1	H3K4me3	4.717422818019323e-22	2.577810291293103e-25	0.9404737242650975	7.875141815509824e-06	0.0333419757852265	5.818154808890498e-21	3.8151592311137925e-24	1.0	4.482773033444054e-05	0.1897927852389816
ENSG00000212978_ASO_G0212978_02	AC016747.3	H3K4me3	1.0	0.08548738422993639	0.7813628829810301	0.009863690556057432	1.0	1.0	0.21086888110050975	1.0	0.034757766721345236	1.0
ENSG00000253161_ASO_C013368_02	RP11-150O12.1	H3K4me3	3.324502986354179e-35	9.558806442010611e-18	4.7453680689942565e-14	1.9580773153737354e-05	1.0804168368220618e-05	8.200440699673642e-34	1.0105023952982646e-16	1.1705241236852498e-12	0.0001034983723840403	0.00015990169184966512
ENSG00000246430_ASO_G0246430_AD_03	LINC00968	H3K4me3	0.013828849002050751	1.0	1.0	0.010725967463410008	1.0	0.03197921331724236	1.0	1.0	0.036078254195106386	1.0
ENSG00000231185_ASO_G0231185_03	AC005592.2	H3K4me3	6.19785474001825e-06	9.473779901449654e-11	0.0691325406258518	0.004013323417837834	1.0	2.5480069486741695e-05	7.789552363414159e-10	0.4650734551193666	0.01563083857473683	1.0
ENSG00000225733_ASO_G0225733_AD_06	FGD5-AS1	H3K4me3	1.3590241159878758e-06	0.0002181378794771226	0.5393660347482467	6.654781074728904e-09	0.03244873489347701	6.704518972206854e-06	0.0010088876925816918	1.0	9.849075990598777e-08	0.1897927852389816
ENSG00000237187_ASO_G0237187_03	NR2F1-AS1	H3K4me3	0.013559391283380804	0.03894994803070865	1.0	0.14040448065628508	1.0	0.03197921331724236	0.10675170941749779	1.0	0.31484641116863926	1.0
ENSG00000230630_ASO_G0230630_AD_04	DNM3OS	H3K4me3	1.6442252431309597e-08	1.0	0.7655641380277004	3.585820943139936e-08	0.00919753638811734	1.0139388999307585e-07	1.0	1.0	3.7907249970336465e-07	0.0680617692720683
ENSG00000227036_ASO_G0227036_04	LINC00511	H3K4me3	0.10565887097310267	1.0	1.0	0.03017708409022642	1.0	0.17769901027294538	1.0	1.0	0.08588862394910596	1.0
ENSG00000238266_ASO_G0238266_AD_06	LINC00707	H3K4me3	1.6646063073548856e-14	9.484800153635026e-21	0.15014632531065808	1.880137415696724e-08	0.10464254077946172	1.7597266677751647e-13	1.16979201894832e-19	0.8546790825375921	2.3188361460259596e-07	0.4089333556887578
ENSG00000214548_ASO_G0214548_AD_09	MEG3	H3K4me3	0.0003925111667616803	0.6883492528701654	0.08993537667183338	0.6440332136886469	7.486693704860539e-05	0.0012628620147984498	1.0	0.5546014894763058	0.8665174147810886	0.0007914504773709712
ENSG00000246067_ASO_G0246067_AD_06	RAB30-AS1	H3K4me3	1.1518634521890614e-31	2.5088012744822433e-51	0.5315827362723909	0.23731187681212187	0.5642878228074846	2.1309473865497637e-30	9.2825647155843e-50	1.0	0.4390269721024254	1.0
ENSG00000233396_ASO_G0233396_07	RP11-458D21.1	H3K4me3	3.962652659745667e-208	7.253459903364612e-109	1.1918822928067437e-38	4.915379443775115e-127	3.615310569198902e-11	2.9323629682117934e-206	5.367560328489813e-107	8.819928966769903e-37	3.637380788393585e-125	8.917766070690624e-10
ENSG00000231185_ASO_G0231185_02	AC005592.2	H3K4me3	1.0852749303531322e-05	1.0611461096943554e-06	0.4032947884396295	0.3602551534811051	0.48082491728014015	4.226860255059568e-05	6.543734343115192e-06	1.0	0.5672102416511017	1.0
ENSG00000234608_ASO_G0234608_AD_04	MAPKAPK5-AS1	H3K4me3	5.997982394487984e-12	0.3323610910104096	0.007809342987836318	8.182940239873791e-27	0.028229728006360706	4.438506971921108e-11	0.6647221820208192	0.08255591158569822	2.0184585925022018e-25	0.1897927852389816
ENSG00000225733_ASO_G0225733_04	FGD5-AS1	H3K4me3	6.075335374377803e-06	0.010608592670246716	0.06509097471772685	0.23332055867708548	4.971849160914306e-05	2.5480069486741695e-05	0.035543815517025915	0.4650734551193666	0.4390269721024254	0.0006131947298460977
ENSG00000268895_ASO_G0268895_03	A1BG-AS1	H3K4me3	0.026155932400312703	0.004265162677233856	1.0	1.0	1.0	0.05393249906097942	0.015029620862633588	1.0	1.0	1.0
ENSG00000223485_ASO_G0223485_01	RP11-417E7.1	H3K4me3	2.069139153140648e-12	0.0008078125081254039	0.9232025560160595	3.002984077494673e-41	2.6488333799697663e-07	1.7012921925823107e-11	0.003245036749158265	1.0	1.111104108673029e-39	4.9003417529440675e-06
ENSG00000242147_ASO_G0242147_05	RP13-463N16.6	H3K4me3	0.010641776137560385	0.0004352809459178694	1.0	0.5173238077947053	1.0	0.026249714472648948	0.0018947523528189607	1.0	0.7223011656001546	1.0
ENSG00000223485_ASO_G0223485_AD_04	RP11-417E7.1	H3K4me3	1.3664398254041414e-12	0.0027545645130245726	0.31716816777796375	1.1218138804829385e-16	0.5603954666796642	1.2639568384988308e-11	0.010191888698190918	1.0	2.0753556788934363e-15	1.0
ENSG00000237187_ASO_G0237187_AD_01	NR2F1-AS1	H3K4me3	0.061767320144884244	1.0	1.0	0.04917663842552883	1.0	0.11426954226803585	1.0	1.0	0.13315335249070884	1.0
ENSG00000212978_ASO_G0212978_03	AC016747.3	H3K4me3	3.9717026268870975e-05	2.609515059681312e-08	0.27886220594241684	0.1931987673425456	0.28868772746257215	0.00013995523542364058	1.9310411441641706e-07	1.0	0.3863975346850912	0.9690859197744149
ENSG00000246273_ASO_G0246273_02	SBF2-AS1	H3K4me3	0.0030682757520027405	3.521483722924889e-05	0.7762468871957353	1.0	1.0	0.008732784832623184	0.0001737265303309612	1.0	1.0	1.0
ENSG00000256268_ASO_G0256268_AD_03	RP11-221N13.3	H3K79me2	0.004933072420644839	1.0	1.0	0.0026702257788576477	1.0	0.027484260629306964	1.0	1.0	0.013017350671931032	1.0
ENSG00000257219_ASO_G0257219_AD_05	RP11-54A9.1	H3K79me2	0.03900029306639588	1.0	1.0	0.0020140447021718693	1.0	0.13827376632631266	1.0	1.0	0.0112211061978147	1.0
ENSG00000214548_ASO_G0214548_01	MEG3	H3K79me2	0.37278019249878047	0.6003162515963631	0.18974242542362407	2.0630693980328133e-05	0.42898180798865976	0.5815371002980975	1.0	0.906443130027188	0.00026819902174426573	1.0
ENSG00000229647_ASO_G0229647_06	AC007879.7	H3K79me2	0.001591651727694471	0.0727254571952091	1.0	0.0010087800508135256	1.0	0.015518604345021093	0.567258566122631	1.0	0.006557070330287916	1.0
ENSG00000246430_ASO_G0246430_03	LINC00968	H3K79me2	0.03844027599989471	1.0	0.6152847533042869	0.005154363953528779	0.5802109689731838	0.13827376632631266	1.0	1.0	0.02233557713195804	1.0
ENSG00000233117_ASO_G0233117_02	LINC00702	H3K79me2	0.7700808965216268	1.0	0.2904424793487411	0.067705825623938	0.005393936572443924	0.8547262622905865	1.0	1.0	0.21123773142159177	0.10518176316265652
ENSG00000227053_ASO_G0227053_03	RP11-395B7.4	H3K79me2	5.899474384045072e-11	3.72801383764e-11	0.09195555636981889	2.495749146264503e-06	0.05725623868260021	2.3007950097775782e-09	1.4539253966796002e-09	0.5977111164038228	4.8667108352157806e-05	0.3721655514369014
ENSG00000212978_ASO_G0212978_02	AC016747.3	H3K79me2	0.003890245780023231	0.6739100789185758	1.0	6.846687554480459e-05	0.6809754761678521	0.025286597570151	1.0	1.0	0.0006675520365618448	1.0
ENSG00000253161_ASO_C013368_02	RP11-150O12.1	H3K79me2	0.30022033439049983	0.6374833253861204	0.6364530993559215	0.3892413859856398	0.046792868160203185	0.4878580433845622	1.0	1.0	0.5622375575348131	0.36498437164958486
ENSG00000240875_ASO_G0240875_04	LINC00886	H3K79me2	0.07837774254437425	0.24477084541616037	1.0	0.015570800477334402	1.0	0.24628847811782764	0.8678239064754777	1.0	0.05520556532873106	1.0
ENSG00000214548_ASO_G0214548_AD_09	MEG3	H3K79me2	0.0032458246825757577	0.002028362034543901	0.017595610225174498	0.7323424955767113	3.13888096773309e-06	0.025286597570151	0.02636870644907071	0.3431143993909027	0.8925424164841169	0.0001224163577415905
ENSG00000215039_ASO_G0215039_01	CD27-AS1	H3K79me2	2.424621231659845e-06	2.134166687508073e-10	0.0025670668612524095	0.0006320484304620899	0.7831798942893886	4.728011401736698e-05	4.1616250406407424e-09	0.10011560758884397	0.004929977757604302	1.0
ENSG00000257219_ASO_G0257219_09	RP11-54A9.1	H3K79me2	0.01167839864000365	1.0	1.0	0.006823312348697211	1.0	0.0569321933700178	1.0	1.0	0.026610918159919124	1.0
ENSG00000246985_ASO_G0246985_10	SOCS2-AS1	H3K79me2	0.1606737410719966	1.0	1.0	1.0	0.030416627016252702	0.37299283830902424	1.0	1.0	1.0	0.29656211340846383
ENSG00000240875_ASO_G0240875_03	LINC00886	H3K79me2	0.023764071074213015	0.16314586096300532	0.6320378892746945	0.41933013281217646	0.01927689907919103	0.10297764132158972	0.795336072194651	1.0	0.5639267303336166	0.25059968802948335
ENSG00000227053_ASO_G0227053_04	RP11-395B7.4	H3K79me2	0.00018582256178691965	0.021165507644748192	0.02918337139545293	6.462717864682948e-11	0.5637253952991206	0.0024156933032299555	0.20636369953629488	0.3793168983005231	2.52045996722635e-09	1.0
ENSG00000221817_ASO_G0221817_04	RP11-137L10.6	H3K79me2	0.8805223898353075	0.21830365473297664	0.03890429726159211	0.2992052784395234	0.515268947524673	0.9036940316730788	0.8513842534586089	0.3793168983005231	0.46676023436565645	1.0
ENSG00000257219_ASO_G0257219_AD_05	RP11-54A9.1	H3K9ac	0.0001324662936486934	0.14530457324504228	0.0033115298908461773	0.08454413089420842	0.04482783465631375	0.0011921966428382405	0.4025629377000042	0.11921507607046239	0.17903463012891196	0.3813059870100018
ENSG00000225733_ASO_G0225733_AD_03	FGD5-AS1	H3K9ac	1.0757140428601922e-05	3.932406851768737e-06	0.5034030573804831	8.618162621307047e-05	0.011770122614892053	0.0001936285277148346	4.718888222122484e-05	1.0	0.0014202401906177097	0.14124147137870466
ENSG00000233117_ASO_G0233117_02	LINC00702	H3K9ac	4.966558912173873e-05	1.0907230757372412e-08	0.8634424373610975	3.9442548763615277e-07	0.0050581212927639915	0.0005959870694608648	3.9266030726540684e-07	1.0	1.41993175549015e-05	0.09104618326975185
ENSG00000245937_ASO_G0245937_AD_02	CTC-228N24.3	H3K9ac	0.011214120885794097	1.0	1.0	0.005060523865430549	1.0	0.031054488606814423	1.0	1.0	0.020242095461722197	1.0
ENSG00000253161_ASO_C013368_02	RP11-150O12.1	H3K9ac	0.007484548298372114	0.11704675123566996	0.11374675802614356	0.4628695920542414	0.05295916486250025	0.024494885340126917	0.3979768109634068	0.8395551069825651	0.5049486458773542	0.3813059870100018
ENSG00000240875_ASO_G0240875_02	LINC00886	H3K9ac	0.00017841677252328214	0.00024967307510016145	0.14741426212063094	0.015024391418125746	0.7504555681128808	0.0012594894682915604	0.0017976461407211623	0.8395551069825651	0.05408780910525268	1.0
ENSG00000225733_ASO_G0225733_AD_06	FGD5-AS1	H3K9ac	0.00033885414585538016	0.41605186852875714	0.5868692522222949	0.00011835334921814246	0.14459991490509957	0.0013554165834215206	0.8016514155390165	1.0	0.0014202401906177097	0.7436567052262264
ENSG00000260032_ASO_G0260032_AD_06	LINC00657	H3K9ac	0.8831825065175417	0.797495957579369	0.02434156634639672	0.04500322326885195	1.0	0.9084162924180429	1.0	0.43814819423514095	0.10800773584524467	1.0
ENSG00000240875_ASO_G0240875_04	LINC00886	H3K9ac	0.10885379118225147	0.23666004062489468	1.0	0.0422646550658864	1.0	0.19593682412805263	0.5011624389703652	1.0	0.10800773584524467	1.0
ENSG00000230630_ASO_G0230630_AD_04	DNM3OS	H3K9ac	0.300713461345679	0.6086239336476928	0.33558501793262197	0.003038962716303181	0.4477592464475445	0.41637248494017093	1.0	1.0	0.01562895111241636	1.0
ENSG00000227036_ASO_G0227036_04	LINC00511	H3K9ac	0.05976591431716891	0.013631659908305796	0.3919595235922953	0.02572055771992055	0.2966120950096224	0.13039126759537348	0.0701056795284298	1.0	0.08417637071973998	0.9707304927587641
ENSG00000246067_ASO_G0246067_AD_06	RAB30-AS1	H3K9ac	0.061573654142259696	0.019188703671084436	1.0	0.17687543014452856	1.0	0.13039126759537348	0.07675481468433774	1.0	0.2547006194081211	1.0
ENSG00000257219_ASO_G0257219_09	RP11-54A9.1	H3K9ac	0.005519962614524961	0.1216040255721521	1.0	0.0019988228872285557	1.0	0.019871865412289857	0.3979768109634068	1.0	0.0143915247880456	1.0
ENSG00000204054_ASO_G0204054_06	LINC00963	H3K9ac	0.00020991491138192672	7.79544311743226e-08	0.8807314962488169	0.18680286597939438	0.6120278735115432	0.0012594894682915604	1.4031797611378069e-06	1.0	0.2586501221253153	1.0
ENSG00000204054_ASO_G0204054_01	LINC00963	H3K9ac	0.09672869707941803	1.0	1.0	0.043562641581984494	1.0	0.1832754260452131	1.0	1.0	0.10800773584524467	1.0
ENSG00000225733_ASO_G0225733_04	FGD5-AS1	H3K9ac	0.15609851125828142	1.0	0.6311841321895609	0.004592008831815004	0.5859336897739762	0.2554339275135514	1.0	1.0	0.020242095461722197	1.0
ENSG00000237187_ASO_G0237187_AD_01	NR2F1-AS1	H3K9ac	0.008629082367626939	1.0	1.0	0.002976089577910514	1.0	0.025887247102880817	1.0	1.0	0.01562895111241636	1.0
ENSG00000240875_ASO_G0240875_03	LINC00886	H3K9ac	3.983028502717858e-08	0.01738617217549323	0.32843877475329014	0.028185916554608482	4.4473656009085806e-07	1.4338902609784291e-06	0.07675481468433774	1.0	0.08455774966382545	1.6010516163270892e-05
ENSG00000212978_ASO_G0212978_03	AC016747.3	H3K9ac	0.0002969781069577809	0.0015255858584382526	0.10559342620541298	0.45583065037541953	0.19385549946654013	0.001336401481310014	0.009153515150629517	0.8395551069825651	0.5049486458773542	0.7754219978661605
ENSG00000246273_ASO_G0246273_02	SBF2-AS1	H3K9ac	0.00026845521865990574	8.779240459938648e-05	0.8057093681770622	0.055577777179731905	0.1722639630723199	0.001336401481310014	0.0007901316413944783	1.0	0.12504999865439678	0.7751878338254395
ENSG00000221817_ASO_G0221817_04	RP11-137L10.6	H3K9ac	0.11965965068117287	1.0	1.0	0.00046440366303607093	1.0	0.20513082973915348	1.0	1.0	0.004179632967324639	1.0
ENSG00000214548_ASO_G0214548_01	MEG3	H3K9me3	0.023329074209137917	0.8067883412385285	0.1750515026788379	0.0036699987870684697	0.8845664486470719	0.08456789400812495	1.0	1.0	0.020384753991108714	1.0
ENSG00000246430_ASO_G0246430_03	LINC00968	H3K9me3	0.05659689891097526	0.034128172948463625	1.0	1.0	1.0	0.13677583903485688	0.12388033529205729	1.0	1.0	1.0
ENSG00000233117_ASO_G0233117_02	LINC00702	H3K9me3	0.06187215010044886	9.33477999531529e-05	0.1796282179329372	1.0	1.0	0.13802248868561667	0.0005414172397282868	1.0	1.0	1.0
ENSG00000234608_ASO_G0234608_06	MAPKAPK5-AS1	H3K9me3	9.002692605992616e-19	4.656663038111392e-16	0.3984968617516137	5.333687156205791e-12	0.3659559006150864	1.3053904278689293e-17	4.501440936841012e-15	1.0	7.733846376498397e-11	1.0
ENSG00000227053_ASO_G0227053_03	RP11-395B7.4	H3K9me3	1.4617734436933553e-46	2.2141944669319258e-52	0.5347807814629382	4.4670615957903033e-29	0.12734385566925294	4.2391429867107305e-45	6.421163954102585e-51	1.0	1.2954478627791879e-27	1.0
ENSG00000229847_ASO_G0229847_AD_04	EMX2OS	H3K9me3	0.2234051850149015	0.252483305335171	0.6502904382471956	0.04914299685644659	0.3578286099343071	0.32393751827160716	0.6656378049745417	1.0	0.11876224240307925	1.0
ENSG00000231185_ASO_G0231185_03	AC005592.2	H3K9me3	6.73134776410308e-05	6.050139764259267e-06	0.3007418319769952	1.0	1.0	0.00048802271289747327	4.3863513290879686e-05	1.0	1.0	1.0
ENSG00000230844_ASO_G0230844_01	ZNF674-AS1	H3K9me3	0.05659689891097526	1.0	1.0	0.029796364519655075	1.0	0.13677583903485688	1.0	1.0	0.09028123351759616	1.0
ENSG00000233396_ASO_G0233396_02	RP11-458D21.1	H3K9me3	0.043799805713050984	1.0	1.0	0.03113145983365385	1.0	0.12701943656784784	1.0	1.0	0.09028123351759616	1.0
ENSG00000230630_ASO_G0230630_AD_04	DNM3OS	H3K9me3	0.0766239485206864	1.0	1.0	0.004217535308505251	0.4194577159971946	0.1587210362214218	1.0	1.0	0.020384753991108714	1.0
ENSG00000214548_ASO_G0214548_AD_09	MEG3	H3K9me3	9.761566093837885e-05	1.0	7.361073627144573e-06	1.0	0.004049986975697463	0.0005661708334425973	1.0	0.00021347113518719262	1.0	0.11744962229522643
ENSG00000225470_ASO_G0225470_05	JPX	H3K9me3	0.014938666450750981	1.0	1.0	0.010404437067325209	1.0	0.06188876101025406	1.0	1.0	0.043104096421775866	1.0
ENSG00000234456_ASO_G0234456_01	MAGI2-AS3	H3K9me3	0.09250588270901106	1.0	1.0	0.01607617712408477	1.0	0.17884470657075469	1.0	1.0	0.058276142074807295	1.0
ENSG00000233396_ASO_G0233396_07	RP11-458D21.1	H3K9me3	0.043001672796223585	0.03417388559780891	0.5826177421576131	0.3168391046593976	0.8601778597710104	0.12701943656784784	0.12388033529205729	1.0	0.612555602341502	1.0
ENSG00000231185_ASO_G0231185_02	AC005592.2	H3K9me3	0.16698542668462704	0.003606783600887041	0.27125238121847794	1.0	1.0	0.2548724933607465	0.017432787404287366	1.0	1.0	1.0
ENSG00000225470_ASO_G0225470_AD_04	JPX	H3K9me3	0.0006610897265458821	1.0	1.0	0.00032127973100773747	1.0	0.00319526701163843	1.0	1.0	0.0023292780498060965	1.0
ENSG00000229847_ASO_G0229847_01	EMX2OS	H3K9me3	0.1092679508357148	1.0	1.0	0.04388480571313074	1.0	0.1980481608897331	1.0	1.0	0.11569630597098104	1.0
ENSG00000227053_ASO_G0227053_04	RP11-395B7.4	H3K9me3	4.187867792115196e-12	1.4867729546234755e-21	0.007005974262047561	2.1437484977976357e-08	0.31764007926858095	4.048272199044689e-11	2.1558207842040396e-20	0.10158662679968963	2.0722902145377146e-07	1.0
ENSG00000225733_ASO_G0225733_AD_03	FGD5-AS1	H4K20me1	0.07408061370156922	0.41408672750733777	0.305418928322616	0.006196844377667428	0.2696574172363384	0.14859494062289047	0.8971879095992318	1.0	0.01611179538193531	1.0
ENSG00000234456_ASO_G0234456_04	MAGI2-AS3	H4K20me1	0.014660749381056914	1.0	1.0	0.0032970624076731872	1.0	0.06352991398457995	1.0	1.0	0.014287270433250477	1.0
ENSG00000233527_ASO_G0233527_02	AC092295.7	H4K20me1	0.34011535555111594	0.005757485441566653	1.0	1.0	1.0	0.4421499622164507	0.07484731074036648	1.0	1.0	1.0
ENSG00000225733_ASO_G0225733_AD_06	FGD5-AS1	H4K20me1	0.023059174646227133	1.0	1.0	0.0061458019160225775	1.0	0.07494231760023817	1.0	1.0	0.01611179538193531	1.0
ENSG00000230630_ASO_G0230630_AD_04	DNM3OS	H4K20me1	0.0004763024267838104	0.3072155838456622	1.0	2.4779119685781825e-05	0.6259750005605476	0.006191931548189535	0.8099550687800143	1.0	0.0003221285559151637	1.0
ENSG00000233901_ASO_G0233901_05	RP11-65J3.1	H4K20me1	0.18341807080904915	1.0	1.0	0.0016164736549202053	0.39874399089646073	0.29805436506470484	1.0	1.0	0.010507078756981333	1.0
ENSG00000215039_ASO_G0215039_01	CD27-AS1	H4K20me1	0.08001266033540255	1.0	1.0	0.011873387645667602	1.0	0.14859494062289047	1.0	1.0	0.025725673232279804	1.0
ENSG00000225733_ASO_G0225733_04	FGD5-AS1	H4K20me1	0.00710715063602101	1.0	1.0	0.2544303186221956	0.001975283259413778	0.04619647913413656	1.0	1.0	0.36751046023206035	0.025678682372379115
ENSG00000212978_ASO_G0212978_03	AC016747.3	H3K27me3	3.0906521126913075e-06	3.743151061876252e-10	0.7913960350811179	0.0667426736682047	0.6476819330628938	4.429934694857541e-05	5.3651831886892945e-09	1.0	0.35874187096660026	1.0
ENSG00000212978_ASO_G0212978_02	AC016747.3	H3K27me3	0.011777998260913724	0.000540513886830863	1.0	0.815694069591238	0.21661420533752096	0.07494384574748292	0.002905262141715889	1.0	1.0	1.0
ENSG00000273015_ASO_G0273015_AD_07	LINC00938	H3K27me3	0.0788981750024269	0.03965478852555853	1.0	1.0	1.0	0.229915090551499	0.10657224416243856	1.0	1.0	1.0
ENSG00000234608_ASO_G0234608_06	MAPKAPK5-AS1	H3K27me3	9.104701741518188e-12	4.267742929178295e-33	0.40998526315426764	0.00023071544393993407	0.05953632692521041	3.915021748852821e-10	1.835129459546667e-31	1.0	0.0049603820447085825	0.4266770096306746
ENSG00000234546_ASO_G0234546_07	RP3-510D11.2	H3K27me3	0.4466258225933208	0.8725030086247731	0.5894455815776576	0.013677572255278256	0.6303828080170178	0.6858896561254568	1.0	1.0	0.117627121395393	1.0
ENSG00000253161_ASO_C013368_02	RP11-150O12.1	H3K27me3	4.5158797649281875e-05	0.0011161146493724457	0.0015726074462369417	0.7119399511878721	0.9259321292046665	0.00048545707472978015	0.004799292992301516	0.06762212018818849	1.0	1.0
ENSG00000257219_ASO_G0257219_AD_10	RP11-54A9.1	H3K27me3	0.05465733234167364	0.3421835291982657	0.04101048540544917	0.35019412931291444	1.0	0.1958554408909972	0.6070332413849041	0.4408627181085785	0.885785150615019	1.0
ENSG00000234608_ASO_G0234608_AD_01	MAPKAPK5-AS1	H3K27me3	0.6564368181143865	0.2279134122287002	0.30483540569598727	0.14696045799487603	0.03214688292835232	0.8301995052623123	0.4260989880797439	1.0	0.5744817903436062	0.34557899147978743
ENSG00000234456_ASO_G0234456_01	MAGI2-AS3	H3K27me3	0.03873842897458531	0.018305599926202773	1.0	1.0	1.0	0.16657524459071682	0.0655950664022266	1.0	1.0	1.0
ENSG00000231185_ASO_G0231185_02	AC005592.2	H3K27me3	0.1522312853499926	1.0	0.03522996249721569	1.0	1.0	0.3272972635024841	1.0	0.4408627181085785	1.0	1.0
ENSG00000257219_ASO_G0257219_09	RP11-54A9.1	H3K27me3	0.0802029385644764	0.022576723571701474	1.0	0.22788947173640434	1.0	0.229915090551499	0.07467685489101257	1.0	0.6999462346189561	1.0
ENSG00000234608_ASO_G0234608_AD_04	MAPKAPK5-AS1	H3K27me3	0.5103461730937864	3.295469068025303e-05	0.5107818881666677	0.0039550519153088715	0.4941249768491226	0.7314961814344271	0.0003542629248127201	1.0	0.04251680808957037	1.0
ENSG00000233396_ASO_G0233396_07	RP11-458D21.1	H3K27me3	1.1638448599380356e-09	5.822630371338858e-17	0.7565818716660213	1.3039860297163749e-14	1.2765429743685268e-29	2.5022664488667767e-08	1.2518655298378546e-15	1.0	5.607139927780412e-13	5.4891347897846655e-28
ENSG00000256268_ASO_G0256268_AD_07	RP11-221N13.3	H3K27me3	0.015401397626755959	0.0036754846952601608	1.0	0.3002153187317885	0.0029175644681997087	0.07494384574748292	0.014367803808744264	1.0	0.8068286690916817	0.06272763606629374
ENSG00000246430_ASO_G0246430_03	LINC00968	H3K27me3	0.6374929590254932	0.03834141241649126	0.41572737726862863	1.0	1.0	0.8301995052623123	0.10657224416243856	1.0	1.0	1.0
ENSG00000256268_ASO_G0256268_AD_06	RP11-221N13.3	H3K27me3	0.0009202505989462249	0.00010017592711410327	0.42333996165826426	0.08594263664333235	0.5814845462349711	0.007914155150937534	0.0008615129731812881	1.0	0.41061481951814344	1.0
ENSG00000273015_ASO_G0273015_05	LINC00938	H3K27me3	0.10707764078396634	1.0	0.561625457960619	0.0008852706451025277	1.0	0.2708434443359149	1.0	1.0	0.012688879246469564	1.0
ENSG00000257219_ASO_G0257219_AD_05	RP11-54A9.1	H3K27me3	0.13747545236975056	0.035586193283216896	0.3622044727532708	0.8379555985839291	0.7641028636812542	0.3111286553631197	0.10657224416243856	1.0	1.0	1.0
ENSG00000260565_ASO_G0260565_AD_08	ERVK13-1	H3K27me3	0.1216040255721521	1.0	1.0	0.03335295118920701	1.0	0.29049850553347445	1.0	1.0	0.2048824144479859	1.0
ENSG00000240875_ASO_G0240875_03	LINC00886	H3K27me3	0.34915048758729694	1.0	1.0	1.0	0.007134869194110747	0.6005388386501507	1.0	1.0	1.0	0.10226645844892071
ENSG00000227053_ASO_G0227053_03	RP11-395B7.4	H3K27me3	0.015685921202961542	0.00015083886979338622	1.0	0.7596575805754315	1.0	0.07494384574748292	0.0010810119001859347	1.0	1.0	1.0
ENSG00000246273_ASO_G0246273_02	SBF2-AS1	H3K27me3	0.059412047468226356	0.0008708052504260848	0.01678038213566567	0.020515009605241653	1.0	0.19651677239490256	0.00416051397425796	0.3607782159168119	0.14702423550423185	1.0
ENSG00000212978_ASO_G0212978_01	AC016747.3	H3K27me3	0.014527504969325018	0.00020232614171138198	0.4997751318115127	1.0	1.0	0.07494384574748292	0.0012428605847984893	1.0	1.0	1.0
ENSG00000203706_ASO_G0203706_01	SERTAD4-AS1	methylation	1.5410528829971212e-24	1.5933702078756837e-17	4.402663644963052e-08	0.0013334654811743957	2.888743925593603e-05	1.579579205072049e-23	1.6332044630725757e-16	9.025460472174255e-07	0.006834010591018778	0.0003947950031644591
ENSG00000180769_ASO_G0180769_08	WDFY3-AS2	methylation	0.011847289020939771	1.0	1.0	0.003123950044821542	1.0	0.03238258999056871	1.0	1.0	0.012808195183768323	1.0
ENSG00000214548_ASO_G0214548_01	MEG3	methylation	0.07680559489808653	0.3719445467588508	0.3185933894517528	0.020800191029001738	0.7227790689987293	0.1574514695410774	0.6274829609043864	0.7082839775663697	0.0656006024760824	1.0
ENSG00000214548_ASO_G0214548_AD_09	MEG3	methylation	2.394340239134932e-08	0.0053324649447636895	6.0730175593768234e-05	0.12454819344200234	5.547372772483991e-08	1.0907549978281357e-07	0.024292340303923476	0.0008299790664481659	0.26876189111168924	1.137211418359218e-06
ENSG00000229847_ASO_G0229847_AD_04	EMX2OS	methylation	2.0767396892895092e-20	4.541844109303971e-25	0.10146124290679054	0.24947610833589984	0.26507046532155065	1.7029265452173975e-19	6.207186949382094e-24	0.5199888698973015	0.4447182800770388	0.7682918789544861
ENSG00000229847_ASO_G0229847_03	EMX2OS	methylation	0.09644003257726252	0.30881518474455794	1.0	0.03065973230566567	0.038476000459016675	0.17972915162126196	0.5835815240200988	1.0	0.08380326830215283	0.2253594312599548
ENSG00000229847_ASO_G0229847_AD_02	EMX2OS	methylation	8.105170525086564e-25	1.9825733419372348e-25	0.2499038791648353	0.030438129622017453	0.17590415415423355	1.107706638428497e-23	4.064275350971331e-24	0.7082839775663697	0.08380326830215283	0.7212070320323576
ENSG00000229043_ASO_G0229043_07	AC091729.9	methylation	0.4911693133375107	0.31314130557176034	0.13295043053137073	0.10747263675158023	0.026168131386861984	0.6712647282279313	0.5835815240200988	0.6056630724206888	0.24479878371193273	0.17881556447689023
ENSG00000230630_ASO_G0230630_AD_04	DNM3OS	methylation	3.5789485228772346e-13	0.11816423629390761	0.7535095768216686	3.732454895068292e-21	0.8924365076817078	2.4456148239661103e-12	0.30279585550313826	1.0	1.5303065069779996e-19	1.0
ENSG00000230590_ASO_G0230590_AD_02	FTX	methylation	7.851894478858428e-11	1.2944122809808808e-05	0.7655166921631884	1.8303330128571455e-13	0.0046327201878995266	4.5989667661885073e-10	6.633862940027013e-05	1.0	3.752182676357148e-12	0.04748538192597015
ENSG00000231187_ASO_G0231187_07	RP11-38L15.3	methylation	0.050870161473516765	1.0	0.012080065838896105	0.2146568953238155	1.0	0.11587092335634375	1.0	0.12382067484868507	0.4190920337274493	1.0
ENSG00000230844_ASO_G0230844_01	ZNF674-AS1	methylation	3.04726066566823e-06	1.3312422257760183e-07	0.32822916033563476	0.3245303507883753	0.28108239473944613	1.135797157203613e-05	7.797275893830964e-07	0.7082839775663697	0.5117593993201303	0.7682918789544861
ENSG00000231187_ASO_G0231187_02	RP11-38L15.3	methylation	0.005885064401559782	0.008810976050948905	0.2320611513884974	0.0001013535940128279	0.2468410634261758	0.017234831461710787	0.03284091073535501	0.7082839775663697	0.0005936424792179919	0.7682918789544861
ENSG00000233901_ASO_G0233901_04	RP11-65J3.1	methylation	0.05401258899482973	0.37546369270601093	0.20827310614044153	0.005682913499580708	0.1754104779990308	0.11655348151515889	0.6274829609043864	0.7082839775663697	0.021181768498437184	0.7212070320323576
ENSG00000233901_ASO_G0233901_05	RP11-65J3.1	methylation	1.1303247271879612e-07	0.026682890621691085	0.664284179227786	6.865715715655318e-11	0.9626673707853118	4.634331381470641e-07	0.09116654295744454	1.0	5.530249503179705e-10	1.0
ENSG00000233527_ASO_G0233527_02	AC092295.7	methylation	4.933739348485384e-67	5.794915461090494e-10	1.5163514470510382e-14	1.583673577214351e-12	4.102224775226517e-86	2.0228331328790075e-65	4.751830678094205e-09	6.217040932909257e-13	1.7318169781039658e-11	1.681912157842872e-84
ENSG00000246067_ASO_G0246067_AD_06	RAB30-AS1	methylation	2.819038806176028e-10	2.5143067196904105e-08	0.24709331079070432	8.093048053433715e-11	0.534625106154416	1.4447573881652144e-09	1.7181095917884472e-07	0.7082839775663697	5.530249503179705e-10	1.0
ENSG00000246089_ASO_G0246089_02	RP11-115C21.2	methylation	0.00017673792075253704	0.008565799236235268	0.1852151734747581	0.006872490518042106	1.0	0.0006038545625711683	0.03284091073535501	0.7082839775663697	0.023481009269977197	1.0
ENSG00000246067_ASO_G0246067_AD_09	RAB30-AS1	methylation	1.0	0.09815947983617847	1.0	0.0017775019898937565	1.0	1.0	0.2683025782188878	1.0	0.008097509065071557	1.0
ENSG00000269834_ASO_G0269834_AD_06	CTD-3018O17.3	methylation	0.0056773781657232765	1.0	1.0	0.033642753960071915	0.025223072231593677	0.017234831461710787	1.0	1.0	0.08620955702268428	0.17881556447689023
ENSG00000271270_ASO_G0271270_09	TMCC1-AS1	methylation	7.368811930434539e-30	1.1494776738238213e-39	0.4405441145992294	1.6895775396136253e-12	0.3004952145512818	1.5106064457390805e-28	4.712858462677668e-38	0.9031154349284203	1.7318169781039658e-11	0.7700189872876596
